epoch,train_data,wave,gauge,ic,bdry,val_data,best_val,phys_w,bad,epoch_sec,unix_ts
1,5.916074e-01,1.800658e+03,1.002310e+00,2.805948e-04,8.679160e-03,2.638113e-01,2.638113e-01,0.0000,0,160.0,1781806429
2,1.847756e-01,2.357255e+03,8.345086e-01,3.046373e-04,2.345228e-01,1.249006e-01,1.249006e-01,0.0000,0,158.8,1781806588
3,9.724820e-02,1.628412e+03,7.098847e-01,3.021262e-04,2.875206e-01,7.781714e-02,7.781714e-02,0.0000,0,158.7,1781806746
4,6.316587e-02,1.146573e+03,5.806502e-01,3.051036e-04,3.182782e-01,5.026424e-02,5.026424e-02,0.0000,0,158.7,1781806905
5,4.387427e-02,8.362875e+02,4.584453e-01,3.080635e-04,3.245396e-01,3.667625e-02,3.667625e-02,0.0000,0,158.5,1781807064
6,3.304038e-02,7.561432e+02,3.796646e-01,3.273914e-04,3.218854e-01,2.958231e-02,2.958231e-02,0.0000,0,158.7,1781807222
7,2.656276e-02,6.596854e+02,3.169487e-01,3.148690e-04,3.387326e-01,2.290722e-02,2.290722e-02,0.0000,0,159.0,1781807381
8,2.239658e-02,5.639084e+02,2.868898e-01,3.051428e-04,3.120597e-01,2.006042e-02,2.006042e-02,0.0000,0,158.7,1781807540
9,1.924175e-02,5.247171e+02,2.544458e-01,2.949287e-04,3.322778e-01,1.734736e-02,1.734736e-02,0.0000,0,158.7,1781807699
10,1.730511e-02,5.638190e+02,2.319299e-01,3.069025e-04,3.224617e-01,1.632390e-02,1.632390e-02,0.0000,0,158.8,1781807857
11,1.540581e-02,5.200688e+02,2.231729e-01,3.074210e-04,3.279119e-01,1.573896e-02,1.573896e-02,0.0000,0,158.8,1781808016
12,1.415082e-02,4.887943e+02,2.075791e-01,3.002881e-04,3.264366e-01,1.322367e-02,1.322367e-02,0.0000,0,158.8,1781808175
13,1.314192e-02,5.048176e+02,2.168152e-01,3.156646e-04,3.507892e-01,1.340623e-02,1.322367e-02,0.0000,1,159.0,1781808334
14,1.223235e-02,4.978136e+02,1.903647e-01,2.894494e-04,3.320321e-01,1.181754e-02,1.181754e-02,0.0000,0,158.5,1781808493
15,1.151311e-02,4.961866e+02,1.806000e-01,2.963230e-04,3.364136e-01,1.058149e-02,1.058149e-02,0.0000,0,158.6,1781808651
16,1.081881e-02,4.837963e+02,1.787830e-01,2.962025e-04,3.397300e-01,1.055987e-02,1.055987e-02,0.0000,0,158.9,1781808810
17,1.031125e-02,4.808498e+02,1.598775e-01,3.025780e-04,3.218490e-01,9.998555e-03,9.998555e-03,0.0000,0,159.0,1781808969
18,9.927903e-03,4.731013e+02,1.502472e-01,3.009070e-04,3.432869e-01,8.894251e-03,8.894251e-03,0.0000,0,158.7,1781809128
19,9.366270e-03,5.092029e+02,1.542379e-01,2.710728e-04,3.301999e-01,8.551036e-03,8.551036e-03,0.0000,0,158.6,1781809286
20,9.057767e-03,4.835155e+02,1.423275e-01,3.054972e-04,3.366105e-01,8.523806e-03,8.523806e-03,0.0000,0,158.7,1781809445
21,8.797270e-03,4.646949e+02,1.518755e-01,3.037240e-04,3.379412e-01,8.442658e-03,8.442658e-03,0.0000,0,158.8,1781809604
22,8.384022e-03,4.678514e+02,1.401303e-01,3.032050e-04,3.307844e-01,8.260845e-03,8.260845e-03,0.0000,0,158.7,1781809763
23,8.240530e-03,4.480232e+02,1.354021e-01,2.958929e-04,3.356342e-01,8.240180e-03,8.240180e-03,0.0000,0,158.8,1781809921
24,7.904881e-03,4.530849e+02,1.283333e-01,3.063860e-04,3.386298e-01,8.020566e-03,8.020566e-03,0.0000,0,158.7,1781810080
25,7.709879e-03,4.714449e+02,1.294356e-01,3.025392e-04,3.432059e-01,7.130134e-03,7.130134e-03,0.0000,0,158.8,1781810239
26,7.591053e-03,4.505982e+02,1.204359e-01,3.083982e-04,3.385205e-01,7.653015e-03,7.130134e-03,0.0000,1,158.5,1781810397
27,7.285894e-03,4.610747e+02,1.158322e-01,2.997184e-04,3.377006e-01,6.866139e-03,6.866139e-03,0.0000,0,158.6,1781810556
28,7.221048e-03,4.484465e+02,1.093268e-01,3.087736e-04,3.383832e-01,7.389134e-03,6.866139e-03,0.0000,1,158.8,1781810715
29,6.903903e-03,4.471768e+02,1.057241e-01,3.000619e-04,3.438052e-01,6.846131e-03,6.846131e-03,0.0000,0,158.4,1781810873
30,6.936133e-03,4.387896e+02,1.159434e-01,2.985541e-04,3.327094e-01,6.585354e-03,6.585354e-03,0.0000,0,158.9,1781811032
31,1.178019e-02,3.734877e+02,9.008816e-02,7.506459e-06,3.235840e-01,1.070404e-02,6.585354e-03,0.0000,1,419.2,1781811451
32,1.088198e-02,3.510989e+02,7.339479e-02,6.091476e-06,3.320502e-01,1.114402e-02,6.585354e-03,0.0000,2,421.9,1781811873
33,1.085184e-02,3.377312e+02,7.418685e-02,7.019371e-06,3.301047e-01,1.148307e-02,6.585354e-03,0.0000,3,421.9,1781812295
34,1.125719e-02,3.288704e+02,8.695448e-02,6.087331e-06,3.263298e-01,1.121870e-02,6.585354e-03,0.0000,4,422.2,1781812717
35,1.189183e-02,3.323642e+02,8.181362e-02,8.109120e-06,3.341113e-01,1.093633e-02,6.585354e-03,0.0000,5,421.8,1781813139
36,1.159910e-02,3.448082e+02,6.603855e-02,8.770781e-06,3.375669e-01,1.111444e-02,6.585354e-03,0.0000,6,422.0,1781813561
37,1.173162e-02,3.396390e+02,6.293001e-02,8.657688e-06,3.313541e-01,1.226359e-02,6.585354e-03,0.0001,7,421.8,1781813983
38,1.186698e-02,3.336624e+02,5.930590e-02,9.129045e-06,3.297919e-01,1.180727e-02,6.585354e-03,0.0001,8,422.2,1781814405
39,1.209988e-02,3.282383e+02,5.499574e-02,8.232525e-06,3.258932e-01,1.248655e-02,6.585354e-03,0.0001,9,423.6,1781814829
40,1.250244e-02,3.225468e+02,6.698681e-02,8.992761e-06,3.393486e-01,1.143005e-02,6.585354e-03,0.0001,10,422.2,1781815251
41,1.212759e-02,3.322413e+02,5.514451e-02,8.771309e-06,3.284355e-01,1.142012e-02,6.585354e-03,0.0001,11,422.3,1781815673
42,1.215480e-02,3.186610e+02,6.952721e-02,8.084872e-06,3.227206e-01,1.166777e-02,6.585354e-03,0.0001,12,422.8,1781816096
43,1.191412e-02,3.255253e+02,7.417685e-02,1.196745e-05,3.268294e-01,1.160406e-02,6.585354e-03,0.0001,13,422.5,1781816518
44,1.223624e-02,3.006666e+02,5.243210e-02,1.061175e-05,3.185004e-01,1.141251e-02,6.585354e-03,0.0001,14,422.6,1781816941
45,1.235548e-02,2.939509e+02,5.752617e-02,8.583471e-06,3.216843e-01,1.091366e-02,6.585354e-03,0.0001,15,422.4,1781817363
46,1.191981e-02,2.778802e+02,7.749333e-02,7.247915e-06,3.365646e-01,1.175091e-02,6.585354e-03,0.0001,16,420.2,1781817784
47,8.491598e-03,2.891202e+02,5.459453e-02,8.978189e-06,3.379420e-01,7.889568e-03,6.585354e-03,0.0001,17,421.9,1781818205
48,8.530462e-03,2.840133e+02,5.857842e-02,7.820792e-06,3.297353e-01,8.003804e-03,6.585354e-03,0.0001,18,420.9,1781818626
49,8.467481e-03,2.818985e+02,6.279812e-02,1.046126e-05,3.241353e-01,9.379486e-03,6.585354e-03,0.0001,19,421.6,1781819048
50,8.608254e-03,2.745461e+02,6.392535e-02,1.107698e-05,3.317524e-01,8.261824e-03,6.585354e-03,0.0001,20,421.7,1781819470
51,8.580741e-03,2.839378e+02,7.129993e-02,7.854834e-06,3.263260e-01,7.960160e-03,6.585354e-03,0.0001,21,422.1,1781819892
52,8.312860e-03,2.762162e+02,6.210667e-02,8.562657e-06,3.157220e-01,8.683810e-03,6.585354e-03,0.0001,22,422.6,1781820314
53,8.307699e-03,2.938043e+02,7.256175e-02,9.193866e-06,3.286501e-01,7.899240e-03,6.585354e-03,0.0001,23,422.3,1781820737
54,8.124021e-03,2.734424e+02,6.897843e-02,7.158057e-06,3.263744e-01,8.297008e-03,6.585354e-03,0.0001,24,422.4,1781821159
55,8.244994e-03,2.930292e+02,5.218593e-02,7.518973e-06,3.297019e-01,7.924298e-03,6.585354e-03,0.0001,25,422.1,1781821581
56,8.198343e-03,2.765966e+02,5.298069e-02,8.442838e-06,3.234408e-01,7.869791e-03,6.585354e-03,0.0001,26,422.3,1781822004
57,8.085884e-03,2.884766e+02,5.585646e-02,7.218953e-06,3.278078e-01,7.322536e-03,6.585354e-03,0.0001,27,421.8,1781822425
58,7.967023e-03,2.906484e+02,5.897345e-02,7.608864e-06,3.218578e-01,7.461842e-03,6.585354e-03,0.0001,28,422.4,1781822848
59,7.935823e-03,2.916632e+02,6.325965e-02,7.770561e-06,3.317383e-01,7.383119e-03,6.585354e-03,0.0001,29,422.9,1781823271
60,7.787849e-03,2.762166e+02,5.334341e-02,5.756746e-06,3.250511e-01,7.697183e-03,6.585354e-03,0.0001,30,422.0,1781823693
61,7.809795e-03,2.839616e+02,5.487610e-02,6.537209e-06,3.273920e-01,7.828440e-03,6.585354e-03,0.0001,31,423.1,1781824116
62,7.778724e-03,2.836287e+02,5.120646e-02,5.886435e-06,3.286024e-01,7.571025e-03,6.585354e-03,0.0001,32,422.8,1781824539
63,6.210429e-03,2.868401e+02,5.043858e-02,5.936927e-06,3.258444e-01,6.014833e-03,6.014833e-03,0.0001,0,427.3,1781824966
64,5.998057e-03,2.991015e+02,4.768594e-02,6.045163e-06,3.282577e-01,5.786290e-03,5.786290e-03,0.0001,0,425.9,1781825392
65,5.961053e-03,2.840807e+02,4.940301e-02,5.937551e-06,3.308804e-01,5.742200e-03,5.742200e-03,0.0001,0,426.7,1781825819
66,5.886484e-03,2.745501e+02,5.526923e-02,5.560779e-06,3.276236e-01,5.720254e-03,5.720254e-03,0.0001,0,426.0,1781826245
67,5.780592e-03,2.779061e+02,5.781900e-02,5.742406e-06,3.333776e-01,5.438988e-03,5.438988e-03,0.0001,0,427.7,1781826672
68,5.793299e-03,2.932008e+02,5.609856e-02,6.198535e-06,3.269948e-01,5.544002e-03,5.438988e-03,0.0001,1,425.5,1781827098
69,5.759228e-03,2.937791e+02,4.987795e-02,5.504802e-06,3.297189e-01,5.692530e-03,5.438988e-03,0.0001,2,425.7,1781827524
70,5.762387e-03,2.755703e+02,4.786575e-02,5.872833e-06,3.296928e-01,6.123725e-03,5.438988e-03,0.0001,3,426.5,1781827950
71,5.780236e-03,2.807858e+02,4.689473e-02,5.651172e-06,3.271486e-01,5.829809e-03,5.438988e-03,0.0001,4,424.7,1781828375
72,5.666140e-03,2.663460e+02,4.504042e-02,5.474668e-06,3.253582e-01,5.915712e-03,5.438988e-03,0.0001,5,426.3,1781828801
71,5.813510e-03,2.820366e+02,4.812817e-02,6.245000e-06,3.270554e-01,5.939090e-03,5.438988e-03,0.0001,4,304.1,1781829862
72,5.744026e-03,2.868507e+02,5.111811e-02,5.379584e-06,3.277907e-01,5.893321e-03,5.438988e-03,0.0001,5,299.1,1781830161
73,5.730583e-03,2.882456e+02,4.738206e-02,5.363292e-06,3.268582e-01,5.636976e-03,5.438988e-03,0.0001,6,299.2,1781830460
74,5.711664e-03,2.767400e+02,4.618576e-02,5.265358e-06,3.220315e-01,5.534929e-03,5.438988e-03,0.0001,7,299.2,1781830759
75,5.670368e-03,2.861880e+02,4.782696e-02,4.999144e-06,3.321565e-01,5.427778e-03,5.427778e-03,0.0001,0,299.1,1781831058
76,5.694999e-03,2.904921e+02,5.024674e-02,5.059482e-06,3.311718e-01,5.377462e-03,5.377462e-03,0.0001,0,299.2,1781831357
77,5.580663e-03,2.903625e+02,5.384323e-02,5.077296e-06,3.299374e-01,5.522690e-03,5.377462e-03,0.0001,1,299.2,1781831657
78,5.553014e-03,2.923032e+02,6.088543e-02,5.092819e-06,3.281941e-01,5.383221e-03,5.377462e-03,0.0001,2,299.2,1781831956
79,5.500640e-03,2.836474e+02,5.306974e-02,4.531159e-06,3.282767e-01,5.345837e-03,5.345837e-03,0.0001,0,299.1,1781832255
80,5.483048e-03,2.876986e+02,5.032173e-02,5.510242e-06,3.303896e-01,5.363079e-03,5.345837e-03,0.0001,1,299.0,1781832554
81,5.448019e-03,2.988232e+02,5.096619e-02,5.389620e-06,3.247508e-01,5.131255e-03,5.131255e-03,0.0001,0,299.0,1781832853
82,5.365997e-03,2.912826e+02,5.502329e-02,5.313598e-06,3.315773e-01,5.182259e-03,5.131255e-03,0.0001,1,299.1,1781833152
83,5.312200e-03,2.984236e+02,4.962693e-02,5.191206e-06,3.279126e-01,4.991422e-03,4.991422e-03,0.0001,0,299.0,1781833451
84,5.192687e-03,2.898810e+02,4.685109e-02,5.362345e-06,3.265830e-01,5.120183e-03,4.991422e-03,0.0001,1,299.2,1781833750
85,5.145297e-03,2.969801e+02,4.525730e-02,5.538099e-06,3.307342e-01,5.236889e-03,4.991422e-03,0.0001,2,299.2,1781834049
86,5.158592e-03,2.993981e+02,4.722780e-02,5.072541e-06,3.297705e-01,5.176552e-03,4.991422e-03,0.0001,3,299.2,1781834349
87,5.140569e-03,2.929795e+02,4.784980e-02,5.626925e-06,3.297572e-01,5.236439e-03,4.991422e-03,0.0001,4,299.1,1781834648
88,5.123008e-03,3.057326e+02,4.999329e-02,4.862386e-06,3.272171e-01,5.123420e-03,4.991422e-03,0.0001,5,299.1,1781834947
89,4.977820e-03,3.005655e+02,5.170307e-02,4.402585e-06,3.257176e-01,4.974787e-03,4.974787e-03,0.0001,0,299.1,1781835246
90,4.968488e-03,3.029087e+02,5.357434e-02,5.110494e-06,3.244461e-01,4.965045e-03,4.965045e-03,0.0000,0,299.2,1781835545
91,4.941559e-03,2.922792e+02,4.799783e-02,5.186307e-06,3.287024e-01,5.169001e-03,4.965045e-03,0.0000,1,299.2,1781835844
92,4.953351e-03,2.866172e+02,5.898378e-02,4.220606e-06,3.320891e-01,4.918087e-03,4.918087e-03,0.0001,0,299.3,1781836144
93,4.961131e-03,2.883902e+02,5.633407e-02,4.465676e-06,3.241588e-01,4.892140e-03,4.892140e-03,0.0001,0,299.2,1781836443
94,4.984286e-03,2.850353e+02,5.216756e-02,4.248287e-06,3.341112e-01,4.969434e-03,4.892140e-03,0.0001,1,299.3,1781836742
95,4.960813e-03,3.070627e+02,5.140693e-02,4.030007e-06,3.271331e-01,4.626629e-03,4.626629e-03,0.0001,0,299.3,1781837041
96,4.977684e-03,3.017187e+02,5.330587e-02,3.984985e-06,3.288726e-01,4.961867e-03,4.626629e-03,0.0001,1,299.2,1781837341
97,4.903351e-03,3.017248e+02,5.518502e-02,4.044582e-06,3.285575e-01,4.851834e-03,4.626629e-03,0.0001,2,299.2,1781837640
98,4.860531e-03,2.916438e+02,5.609330e-02,4.373421e-06,3.316249e-01,4.809239e-03,4.626629e-03,0.0000,3,299.3,1781837939
99,4.810667e-03,2.871549e+02,5.004725e-02,4.986546e-06,3.302467e-01,5.071925e-03,4.626629e-03,0.0000,4,299.4,1781838238
100,4.915188e-03,3.050007e+02,6.220548e-02,4.438053e-06,3.279517e-01,4.792838e-03,4.626629e-03,0.0001,5,299.3,1781838538
101,4.847695e-03,2.848488e+02,5.032726e-02,4.183229e-06,3.332747e-01,5.050105e-03,4.626629e-03,0.0000,6,299.3,1781838837
102,4.866678e-03,2.950453e+02,5.247643e-02,4.351775e-06,3.266115e-01,4.903154e-03,4.626629e-03,0.0001,7,299.3,1781839136
103,4.919720e-03,2.911477e+02,4.958449e-02,3.932187e-06,3.268731e-01,4.916656e-03,4.626629e-03,0.0001,8,299.2,1781839436
104,4.969631e-03,2.835437e+02,4.929266e-02,4.184285e-06,3.276719e-01,4.757469e-03,4.626629e-03,0.0001,9,298.8,1781839735
105,4.929667e-03,2.953158e+02,5.467149e-02,3.938480e-06,3.269061e-01,4.616400e-03,4.616400e-03,0.0001,0,299.2,1781840034
106,4.873401e-03,2.890826e+02,5.496692e-02,4.662075e-06,3.273572e-01,4.737148e-03,4.616400e-03,0.0001,1,299.2,1781840333
107,4.808392e-03,2.925621e+02,5.618453e-02,4.325509e-06,3.323630e-01,4.993230e-03,4.616400e-03,0.0000,2,299.2,1781840632
108,4.813768e-03,2.851985e+02,4.723162e-02,4.316711e-06,3.299936e-01,4.976200e-03,4.616400e-03,0.0001,3,299.2,1781840931
109,4.907649e-03,2.916136e+02,5.305819e-02,4.086251e-06,3.310418e-01,4.791666e-03,4.616400e-03,0.0001,4,299.2,1781841231
110,5.048581e-03,2.948474e+02,5.839701e-02,4.063302e-06,3.253190e-01,4.860125e-03,4.616400e-03,0.0001,5,299.2,1781841530
111,5.084221e-03,2.934021e+02,5.579036e-02,3.886649e-06,3.258596e-01,4.679386e-03,4.616400e-03,0.0001,6,299.2,1781841829
112,4.983744e-03,2.942151e+02,5.412990e-02,3.780358e-06,3.321641e-01,5.203023e-03,4.616400e-03,0.0001,7,299.3,1781842128
113,5.015393e-03,2.908095e+02,5.711195e-02,4.845644e-06,3.299343e-01,5.306924e-03,4.616400e-03,0.0001,8,350.2,1781842479
114,4.983633e-03,2.984040e+02,6.055287e-02,4.029193e-06,3.319499e-01,4.781919e-03,4.616400e-03,0.0001,9,299.3,1781842778
115,4.904736e-03,2.925104e+02,6.602092e-02,4.142078e-06,3.344732e-01,4.870525e-03,4.616400e-03,0.0001,10,299.3,1781843077
116,4.933462e-03,2.833042e+02,5.902232e-02,4.257339e-06,3.264478e-01,4.796620e-03,4.616400e-03,0.0001,11,299.3,1781843376
117,4.910305e-03,2.894660e+02,5.508951e-02,4.003051e-06,3.316988e-01,5.029947e-03,4.616400e-03,0.0001,12,299.4,1781843676
118,4.883142e-03,2.666529e+02,5.783732e-02,3.678972e-06,3.305534e-01,5.071392e-03,4.616400e-03,0.0001,13,299.3,1781843975
119,4.834057e-03,2.702779e+02,5.852083e-02,3.896759e-06,3.285120e-01,4.749810e-03,4.616400e-03,0.0001,14,299.3,1781844274
120,4.871550e-03,2.720795e+02,6.657056e-02,3.999014e-06,3.292463e-01,4.547108e-03,4.547108e-03,0.0001,0,299.3,1781844574
121,4.777037e-03,2.769869e+02,4.930686e-02,4.135152e-06,3.301875e-01,4.691842e-03,4.547108e-03,0.0001,1,299.2,1781844873
122,4.759939e-03,2.810665e+02,5.528172e-02,3.920658e-06,3.304044e-01,4.668318e-03,4.547108e-03,0.0001,2,299.2,1781845172
123,4.729033e-03,2.897632e+02,5.371904e-02,3.395337e-06,3.273459e-01,4.459168e-03,4.459168e-03,0.0000,0,299.2,1781845471
124,4.660883e-03,2.804906e+02,5.250380e-02,3.597192e-06,3.289716e-01,4.590194e-03,4.459168e-03,0.0000,1,299.2,1781845770
125,4.737420e-03,2.772568e+02,5.086303e-02,4.398196e-06,3.292658e-01,4.803473e-03,4.459168e-03,0.0000,2,299.3,1781846070
126,4.774946e-03,2.651288e+02,4.883769e-02,3.782141e-06,3.249561e-01,5.050091e-03,4.459168e-03,0.0001,3,299.2,1781846369
127,4.757430e-03,2.802485e+02,5.243285e-02,3.700997e-06,3.281305e-01,4.721813e-03,4.459168e-03,0.0001,4,299.2,1781846668
128,4.701531e-03,2.694762e+02,5.591753e-02,3.594527e-06,3.334703e-01,4.992418e-03,4.459168e-03,0.0000,5,299.2,1781846967
129,4.754251e-03,2.770782e+02,5.466476e-02,4.358390e-06,3.313188e-01,4.521496e-03,4.459168e-03,0.0001,6,299.2,1781847267
130,4.750846e-03,2.764500e+02,5.386625e-02,4.249252e-06,3.322572e-01,4.691815e-03,4.459168e-03,0.0001,7,299.3,1781847566
131,4.816933e-03,2.843151e+02,4.752637e-02,3.602760e-06,3.280821e-01,4.580447e-03,4.459168e-03,0.0001,8,299.2,1781847865
132,4.792079e-03,2.751129e+02,5.150501e-02,4.281888e-06,3.275981e-01,4.794493e-03,4.459168e-03,0.0001,9,299.1,1781848164
133,4.757854e-03,2.755745e+02,4.883357e-02,3.956496e-06,3.318416e-01,4.681718e-03,4.459168e-03,0.0001,10,299.1,1781848463
134,4.752055e-03,2.780705e+02,5.592051e-02,3.576690e-06,3.288429e-01,4.565184e-03,4.459168e-03,0.0001,11,299.1,1781848762
135,4.677667e-03,2.759654e+02,4.506862e-02,4.007878e-06,3.360340e-01,5.033307e-03,4.459168e-03,0.0000,12,299.1,1781849061
136,4.738156e-03,2.715468e+02,4.700477e-02,3.095417e-06,3.271016e-01,4.987075e-03,4.459168e-03,0.0001,13,299.1,1781849361
137,4.830884e-03,2.756873e+02,4.930278e-02,4.798012e-06,3.311258e-01,4.554643e-03,4.459168e-03,0.0001,14,299.1,1781849660
138,4.736074e-03,2.879111e+02,5.120322e-02,3.495276e-06,3.333633e-01,4.937815e-03,4.459168e-03,0.0001,15,299.1,1781849959
139,4.699914e-03,2.636869e+02,5.177460e-02,3.961375e-06,3.315713e-01,4.930711e-03,4.459168e-03,0.0001,16,299.2,1781850258
140,3.918600e-03,2.762797e+02,4.606494e-02,3.960727e-06,3.316450e-01,3.896284e-03,3.896284e-03,0.0000,0,299.2,1781850557
141,3.849645e-03,2.752383e+02,4.692531e-02,3.948684e-06,3.305023e-01,3.818796e-03,3.818796e-03,0.0000,0,299.2,1781850856
142,3.821380e-03,2.745552e+02,4.523900e-02,3.710439e-06,3.306346e-01,3.839474e-03,3.818796e-03,0.0000,1,299.1,1781851155
143,3.806403e-03,2.788112e+02,4.513265e-02,3.753418e-06,3.308692e-01,3.805940e-03,3.805940e-03,0.0000,0,298.8,1781851454
144,3.794751e-03,2.743658e+02,4.545924e-02,3.958721e-06,3.303132e-01,3.815899e-03,3.805940e-03,0.0000,1,299.2,1781851754
145,3.788637e-03,2.747822e+02,4.419289e-02,3.898603e-06,3.307486e-01,3.936516e-03,3.805940e-03,0.0000,2,299.2,1781852053
146,3.747744e-03,2.687809e+02,4.479215e-02,3.819913e-06,3.320401e-01,3.729845e-03,3.729845e-03,0.0000,0,299.1,1781852352
147,3.721648e-03,2.605711e+02,4.559345e-02,4.073783e-06,3.337075e-01,3.849199e-03,3.729845e-03,0.0000,1,299.3,1781852651
148,3.696407e-03,2.731335e+02,4.683460e-02,4.498520e-06,3.298840e-01,3.758442e-03,3.729845e-03,0.0000,2,299.2,1781852950
149,3.651959e-03,2.785437e+02,4.725432e-02,4.186419e-06,3.339608e-01,3.497302e-03,3.497302e-03,0.0000,0,299.3,1781853250
150,3.628823e-03,2.748772e+02,4.880351e-02,4.068993e-06,3.321799e-01,3.777324e-03,3.497302e-03,0.0000,1,299.3,1781853549
151,3.609222e-03,2.707508e+02,4.773669e-02,3.687335e-06,3.305454e-01,3.655726e-03,3.497302e-03,0.0000,2,299.2,1781853848
152,3.604811e-03,2.740383e+02,4.799374e-02,3.731316e-06,3.318596e-01,3.744496e-03,3.497302e-03,0.0000,3,299.2,1781854147
153,3.644374e-03,2.762310e+02,5.055862e-02,3.807922e-06,3.334295e-01,3.799155e-03,3.497302e-03,0.0000,4,299.1,1781854446
154,3.576042e-03,2.736238e+02,4.847458e-02,3.442712e-06,3.356081e-01,3.585111e-03,3.497302e-03,0.0000,5,299.1,1781854745
155,3.553758e-03,2.762423e+02,4.881038e-02,3.717143e-06,3.331484e-01,3.516855e-03,3.497302e-03,0.0000,6,299.1,1781855045
156,3.542050e-03,2.778019e+02,5.023798e-02,3.250861e-06,3.334195e-01,3.594504e-03,3.497302e-03,0.0000,7,299.1,1781855344
157,3.486721e-03,2.807287e+02,4.830019e-02,3.871037e-06,3.317575e-01,3.505692e-03,3.497302e-03,0.0000,8,299.2,1781855643
158,3.482829e-03,2.757877e+02,5.029441e-02,3.949061e-06,3.341097e-01,3.548272e-03,3.497302e-03,0.0000,9,299.2,1781855942
159,3.449222e-03,2.774658e+02,4.820437e-02,3.856992e-06,3.300010e-01,3.503030e-03,3.497302e-03,0.0000,10,299.3,1781856241
160,3.415412e-03,2.809534e+02,5.362868e-02,3.501294e-06,3.311528e-01,3.480242e-03,3.480242e-03,0.0000,0,299.3,1781856541
161,3.409726e-03,2.801278e+02,4.974013e-02,3.520548e-06,3.322731e-01,3.355094e-03,3.355094e-03,0.0000,0,299.3,1781856840
162,3.384750e-03,2.861108e+02,5.327950e-02,4.228493e-06,3.326538e-01,3.379734e-03,3.355094e-03,0.0000,1,299.2,1781857139
163,3.340572e-03,2.821650e+02,4.979479e-02,3.856571e-06,3.304451e-01,3.416977e-03,3.355094e-03,0.0000,2,447.8,1781857587
164,3.322320e-03,2.891983e+02,4.864998e-02,4.032654e-06,3.313151e-01,3.376394e-03,3.355094e-03,0.0000,3,299.2,1781857886
165,3.329099e-03,2.868139e+02,4.790244e-02,4.100679e-06,3.331179e-01,3.319710e-03,3.319710e-03,0.0000,0,299.3,1781858186
166,3.282681e-03,2.873124e+02,4.786859e-02,4.107820e-06,3.311322e-01,3.258337e-03,3.258337e-03,0.0000,0,299.2,1781858485
167,3.253147e-03,2.860812e+02,4.798249e-02,4.146811e-06,3.308690e-01,3.317222e-03,3.258337e-03,0.0000,1,299.3,1781858784
168,3.280022e-03,2.816389e+02,4.731404e-02,3.810170e-06,3.346802e-01,3.318433e-03,3.258337e-03,0.0000,2,299.2,1781859083
169,3.241408e-03,2.845379e+02,4.763126e-02,4.311806e-06,3.350655e-01,3.278827e-03,3.258337e-03,0.0000,3,299.3,1781859383
170,3.223654e-03,2.921042e+02,4.808855e-02,4.069352e-06,3.288590e-01,3.220813e-03,3.220813e-03,0.0000,0,299.4,1781859682
171,3.226475e-03,2.866577e+02,4.871186e-02,4.365357e-06,3.307986e-01,3.283322e-03,3.220813e-03,0.0000,1,299.2,1781859981
172,3.207785e-03,2.888059e+02,5.128844e-02,4.342846e-06,3.340488e-01,3.155067e-03,3.155067e-03,0.0000,0,299.2,1781860280
173,3.223801e-03,2.812370e+02,5.033297e-02,4.000668e-06,3.323167e-01,3.229027e-03,3.155067e-03,0.0000,1,299.1,1781860580
174,3.190513e-03,2.856732e+02,5.062085e-02,4.127103e-06,3.337936e-01,3.284853e-03,3.155067e-03,0.0000,2,299.0,1781860879
175,3.176900e-03,2.750629e+02,4.708437e-02,4.243363e-06,3.332262e-01,3.328866e-03,3.155067e-03,0.0000,3,299.1,1781861178
176,3.186689e-03,2.754624e+02,4.607467e-02,3.968395e-06,3.330841e-01,3.286889e-03,3.155067e-03,0.0000,4,299.1,1781861477
177,3.204631e-03,2.852929e+02,4.592405e-02,3.778817e-06,3.307619e-01,3.283134e-03,3.155067e-03,0.0000,5,299.1,1781861776
178,3.223216e-03,2.750894e+02,4.887506e-02,4.102726e-06,3.294986e-01,3.277320e-03,3.155067e-03,0.0000,6,299.2,1781862075
179,3.191061e-03,2.723958e+02,4.715348e-02,4.047426e-06,3.324244e-01,3.242521e-03,3.155067e-03,0.0000,7,299.2,1781862374
180,3.184060e-03,2.796220e+02,5.065259e-02,4.315469e-06,3.326996e-01,3.300255e-03,3.155067e-03,0.0000,8,298.8,1781862673
181,3.179706e-03,2.792262e+02,4.814174e-02,4.150049e-06,3.317403e-01,3.154789e-03,3.154789e-03,0.0000,0,298.5,1781862972
182,3.141729e-03,2.811076e+02,5.146207e-02,3.958114e-06,3.343205e-01,3.228397e-03,3.154789e-03,0.0000,1,298.8,1781863271
183,3.129634e-03,2.836584e+02,4.870283e-02,3.346098e-06,3.324951e-01,3.187187e-03,3.154789e-03,0.0000,2,298.9,1781863569
184,3.109315e-03,2.804179e+02,4.874097e-02,3.627585e-06,3.308188e-01,3.210596e-03,3.154789e-03,0.0000,3,299.0,1781863868
185,3.112887e-03,2.860169e+02,4.823485e-02,3.814227e-06,3.328400e-01,3.163210e-03,3.154789e-03,0.0000,4,298.9,1781864167
186,3.112149e-03,2.826584e+02,5.035397e-02,3.910236e-06,3.344969e-01,3.139776e-03,3.139776e-03,0.0000,0,298.9,1781864466
187,3.113869e-03,2.780877e+02,5.053877e-02,3.213411e-06,3.321378e-01,3.099567e-03,3.099567e-03,0.0000,0,298.9,1781864765
188,3.079470e-03,2.846094e+02,4.903023e-02,4.181117e-06,3.279180e-01,3.141120e-03,3.099567e-03,0.0000,1,298.8,1781865064
189,3.066131e-03,2.835583e+02,5.149053e-02,4.092611e-06,3.309868e-01,3.064371e-03,3.064371e-03,0.0000,0,298.8,1781865363
190,3.038932e-03,2.807792e+02,4.980933e-02,4.027181e-06,3.342245e-01,3.125226e-03,3.064371e-03,0.0000,1,298.8,1781865662
191,3.021404e-03,2.895920e+02,4.824938e-02,4.188478e-06,3.329153e-01,3.090759e-03,3.064371e-03,0.0000,2,298.9,1781865960
192,3.009888e-03,2.809344e+02,4.778248e-02,4.265915e-06,3.337098e-01,3.165008e-03,3.064371e-03,0.0000,3,298.9,1781866259
193,2.988266e-03,2.866340e+02,4.846749e-02,3.900827e-06,3.352213e-01,2.990555e-03,2.990555e-03,0.0000,0,298.8,1781866558
194,2.971037e-03,2.845068e+02,4.881557e-02,4.224986e-06,3.344338e-01,3.044584e-03,2.990555e-03,0.0000,1,298.8,1781866857
195,2.948571e-03,2.817167e+02,4.613826e-02,3.919993e-06,3.327265e-01,2.980499e-03,2.980499e-03,0.0000,0,298.9,1781867156
196,2.935950e-03,2.814601e+02,4.978993e-02,3.787698e-06,3.345596e-01,2.954309e-03,2.954309e-03,0.0000,0,298.8,1781867455
197,2.942328e-03,2.798037e+02,4.805549e-02,3.769317e-06,3.304526e-01,3.072059e-03,2.954309e-03,0.0000,1,298.8,1781867753
198,2.920635e-03,2.776153e+02,5.034061e-02,3.725330e-06,3.346768e-01,2.993234e-03,2.954309e-03,0.0000,2,298.9,1781868052
199,2.913339e-03,2.841864e+02,4.935323e-02,3.704197e-06,3.362556e-01,2.969432e-03,2.954309e-03,0.0000,3,298.8,1781868351
200,2.925379e-03,2.835201e+02,4.902141e-02,3.857020e-06,3.353729e-01,2.919980e-03,2.919980e-03,0.0000,0,298.9,1781868650
201,2.882982e-03,2.779375e+02,4.810389e-02,3.562321e-06,3.340625e-01,2.886280e-03,2.886280e-03,0.0000,0,298.8,1781868949
202,2.857758e-03,2.897092e+02,4.677402e-02,3.642257e-06,3.355477e-01,2.859248e-03,2.859248e-03,0.0000,0,298.8,1781869248
203,2.870907e-03,2.880016e+02,4.926635e-02,4.179201e-06,3.348951e-01,2.829766e-03,2.829766e-03,0.0000,0,298.9,1781869546
204,2.838855e-03,2.796458e+02,4.723494e-02,4.040712e-06,3.325899e-01,2.826948e-03,2.826948e-03,0.0000,0,298.8,1781869845
205,2.805455e-03,2.743039e+02,4.852959e-02,3.882066e-06,3.318325e-01,2.799881e-03,2.799881e-03,0.0000,0,298.8,1781870144
206,2.803293e-03,2.724608e+02,4.818885e-02,4.292318e-06,3.336453e-01,2.798902e-03,2.798902e-03,0.0000,0,298.9,1781870443
207,2.822626e-03,2.655093e+02,4.586093e-02,4.107403e-06,3.342884e-01,2.826022e-03,2.798902e-03,0.0000,1,298.8,1781870742
208,2.810619e-03,2.684307e+02,4.703176e-02,3.723901e-06,3.337020e-01,2.816852e-03,2.798902e-03,0.0000,2,298.9,1781871041
209,2.798684e-03,2.814197e+02,4.863993e-02,3.979394e-06,3.344034e-01,2.795974e-03,2.795974e-03,0.0000,0,298.8,1781871339
210,2.773262e-03,2.776697e+02,4.841809e-02,3.777945e-06,3.341188e-01,2.801604e-03,2.795974e-03,0.0000,1,298.8,1781871638
211,2.753342e-03,2.892513e+02,4.786498e-02,3.792259e-06,3.360450e-01,2.785407e-03,2.785407e-03,0.0000,0,298.8,1781871937
212,2.769899e-03,2.846662e+02,4.896397e-02,3.840459e-06,3.336338e-01,2.754552e-03,2.754552e-03,0.0000,0,298.8,1781872236
213,2.744340e-03,2.858005e+02,5.225002e-02,3.688872e-06,3.311508e-01,2.771914e-03,2.754552e-03,0.0000,1,298.7,1781872535
214,2.765676e-03,2.881433e+02,4.996906e-02,3.684618e-06,3.349870e-01,2.802872e-03,2.754552e-03,0.0000,2,351.8,1781872886
215,2.770083e-03,2.872474e+02,4.844746e-02,4.483790e-06,3.308873e-01,2.729624e-03,2.729624e-03,0.0000,0,298.6,1781873185
216,2.761613e-03,2.896530e+02,4.925587e-02,3.433392e-06,3.359788e-01,2.832314e-03,2.729624e-03,0.0000,1,298.6,1781873484
217,2.769985e-03,2.799126e+02,5.166739e-02,3.488367e-06,3.342480e-01,2.827809e-03,2.729624e-03,0.0000,2,298.7,1781873782
218,2.740882e-03,2.800022e+02,4.595206e-02,4.116227e-06,3.318773e-01,2.747489e-03,2.729624e-03,0.0000,3,298.7,1781874081
219,2.742749e-03,2.844526e+02,4.650272e-02,3.659228e-06,3.353043e-01,2.750343e-03,2.729624e-03,0.0000,4,298.6,1781874380
220,2.744850e-03,2.861366e+02,4.921296e-02,4.015755e-06,3.341414e-01,2.787234e-03,2.729624e-03,0.0000,5,298.7,1781874678
221,2.730290e-03,2.905907e+02,4.728276e-02,3.886813e-06,3.329207e-01,2.732873e-03,2.729624e-03,0.0000,6,298.4,1781874977
222,2.695985e-03,2.809764e+02,4.778096e-02,3.729101e-06,3.350166e-01,2.754629e-03,2.729624e-03,0.0000,7,298.7,1781875275
223,2.710300e-03,2.757442e+02,4.859000e-02,3.931547e-06,3.319724e-01,2.683959e-03,2.683959e-03,0.0000,0,298.7,1781875574
224,2.688870e-03,2.726520e+02,4.746364e-02,3.195639e-06,3.349152e-01,2.779111e-03,2.683959e-03,0.0000,1,298.8,1781875873
225,2.715909e-03,2.803326e+02,4.954017e-02,3.826990e-06,3.325136e-01,2.731060e-03,2.683959e-03,0.0000,2,298.8,1781876172
226,2.741448e-03,2.851227e+02,4.659380e-02,4.092357e-06,3.341005e-01,2.819704e-03,2.683959e-03,0.0000,3,298.8,1781876470
227,2.701929e-03,2.755914e+02,4.820716e-02,3.795385e-06,3.341898e-01,2.634449e-03,2.634449e-03,0.0000,0,298.7,1781876769
228,2.710567e-03,2.812718e+02,4.903720e-02,4.179574e-06,3.329465e-01,2.743457e-03,2.634449e-03,0.0000,1,298.7,1781877068
229,2.719584e-03,2.832018e+02,4.940512e-02,3.602689e-06,3.357757e-01,2.659444e-03,2.634449e-03,0.0000,2,298.6,1781877367
230,2.682630e-03,2.835532e+02,4.914181e-02,4.142167e-06,3.347630e-01,2.731803e-03,2.634449e-03,0.0000,3,298.7,1781877665
231,2.690396e-03,2.835033e+02,4.727958e-02,4.108748e-06,3.341074e-01,2.771911e-03,2.634449e-03,0.0000,4,298.6,1781877964
232,2.706911e-03,2.801992e+02,4.765068e-02,3.439918e-06,3.373893e-01,2.715130e-03,2.634449e-03,0.0000,5,298.6,1781878263
233,2.706281e-03,2.811969e+02,4.938856e-02,3.814375e-06,3.351114e-01,2.656057e-03,2.634449e-03,0.0000,6,298.6,1781878561
234,2.718859e-03,2.842605e+02,4.887783e-02,3.341078e-06,3.337329e-01,2.652471e-03,2.634449e-03,0.0000,7,298.6,1781878860
235,2.727975e-03,2.791433e+02,4.874375e-02,3.768851e-06,3.326079e-01,2.639936e-03,2.634449e-03,0.0000,8,298.7,1781879158
236,2.712359e-03,2.798278e+02,5.226431e-02,3.785883e-06,3.313297e-01,2.690731e-03,2.634449e-03,0.0000,9,298.7,1781879457
237,2.699087e-03,2.814587e+02,5.139956e-02,3.614397e-06,3.344578e-01,2.695761e-03,2.634449e-03,0.0000,10,298.6,1781879756
238,2.682815e-03,2.784019e+02,4.892042e-02,3.108216e-06,3.339886e-01,2.763881e-03,2.634449e-03,0.0000,11,298.7,1781880054
239,2.675958e-03,2.854860e+02,4.854936e-02,4.310512e-06,3.338798e-01,2.594449e-03,2.594449e-03,0.0000,0,298.6,1781880353
240,2.662844e-03,2.853433e+02,4.885330e-02,3.778652e-06,3.341815e-01,2.606713e-03,2.594449e-03,0.0000,1,298.7,1781880652
241,2.653055e-03,2.820665e+02,5.285007e-02,3.340942e-06,3.341956e-01,2.572270e-03,2.572270e-03,0.0000,0,298.7,1781880950
242,2.638250e-03,2.775584e+02,5.085359e-02,4.014179e-06,3.333517e-01,2.712557e-03,2.572270e-03,0.0000,1,298.7,1781881249
243,2.622881e-03,2.805373e+02,5.310292e-02,3.717111e-06,3.344810e-01,2.563364e-03,2.563364e-03,0.0000,0,298.8,1781881548
244,2.605351e-03,2.819805e+02,5.121590e-02,3.899817e-06,3.339915e-01,2.596891e-03,2.563364e-03,0.0000,1,298.8,1781881847
245,2.610342e-03,2.825690e+02,4.943312e-02,4.104025e-06,3.314694e-01,2.560201e-03,2.560201e-03,0.0000,0,298.7,1781882145
246,2.593095e-03,2.800372e+02,5.159536e-02,3.743879e-06,3.356057e-01,2.612642e-03,2.560201e-03,0.0000,1,298.8,1781882444
247,2.588179e-03,2.788575e+02,5.287547e-02,3.744848e-06,3.351346e-01,2.667320e-03,2.560201e-03,0.0000,2,298.8,1781882743
248,2.615447e-03,2.762720e+02,4.919837e-02,3.792596e-06,3.346600e-01,2.621042e-03,2.560201e-03,0.0000,3,298.8,1781883042
249,2.605051e-03,2.779391e+02,5.172118e-02,4.216049e-06,3.347370e-01,2.623164e-03,2.560201e-03,0.0000,4,298.8,1781883341
250,2.612758e-03,2.769491e+02,5.112674e-02,3.910493e-06,3.311020e-01,2.679949e-03,2.560201e-03,0.0000,5,298.7,1781883639
251,2.619785e-03,2.820814e+02,4.924066e-02,4.053048e-06,3.344839e-01,2.629863e-03,2.560201e-03,0.0000,6,298.7,1781883938
252,2.608185e-03,2.832466e+02,4.787413e-02,3.713847e-06,3.344310e-01,2.673673e-03,2.560201e-03,0.0000,7,298.7,1781884237
253,2.604371e-03,2.753589e+02,4.827685e-02,3.909952e-06,3.361185e-01,2.766854e-03,2.560201e-03,0.0000,8,298.8,1781884535
254,2.623258e-03,2.849767e+02,4.958016e-02,3.389312e-06,3.337930e-01,2.633292e-03,2.560201e-03,0.0000,9,298.7,1781884834
255,2.640944e-03,2.802514e+02,4.708011e-02,3.965852e-06,3.344855e-01,2.676633e-03,2.560201e-03,0.0000,10,298.8,1781885133
256,2.651341e-03,2.755893e+02,4.833851e-02,3.720595e-06,3.328113e-01,2.814669e-03,2.560201e-03,0.0000,11,298.8,1781885432
257,2.640917e-03,2.696254e+02,4.881981e-02,3.567225e-06,3.367192e-01,2.673289e-03,2.560201e-03,0.0000,12,298.7,1781885731
258,2.636725e-03,2.721575e+02,5.070204e-02,3.964758e-06,3.327419e-01,2.721583e-03,2.560201e-03,0.0000,13,298.8,1781886029
259,2.652539e-03,2.644975e+02,4.818556e-02,3.391648e-06,3.343342e-01,2.625703e-03,2.560201e-03,0.0000,14,298.8,1781886328
260,2.683726e-03,2.663513e+02,4.718565e-02,3.562152e-06,3.336284e-01,2.731084e-03,2.560201e-03,0.0000,15,298.4,1781886626
261,2.686989e-03,2.760022e+02,5.075332e-02,3.735698e-06,3.323330e-01,2.793786e-03,2.560201e-03,0.0000,16,298.7,1781886925
262,2.428627e-03,2.680206e+02,4.935756e-02,3.916738e-06,3.342141e-01,2.513717e-03,2.513717e-03,0.0000,0,298.8,1781887224
263,2.423549e-03,2.691044e+02,4.998796e-02,3.667926e-06,3.332789e-01,2.507684e-03,2.507684e-03,0.0000,0,298.7,1781887523
264,2.418700e-03,2.740320e+02,5.102601e-02,3.561774e-06,3.342538e-01,2.537750e-03,2.507684e-03,0.0000,1,354.8,1781887877
265,2.412619e-03,2.743391e+02,5.272979e-02,3.544316e-06,3.322606e-01,2.499613e-03,2.499613e-03,0.0000,0,298.7,1781888176
266,2.396850e-03,2.747172e+02,5.112588e-02,3.764059e-06,3.339462e-01,2.517475e-03,2.499613e-03,0.0000,1,298.8,1781888475
267,2.408310e-03,2.740510e+02,5.110035e-02,3.594859e-06,3.366442e-01,2.504526e-03,2.499613e-03,0.0000,2,298.8,1781888774
268,2.403955e-03,2.739564e+02,5.069986e-02,3.785713e-06,3.336242e-01,2.506266e-03,2.499613e-03,0.0000,3,298.8,1781889073
269,2.395169e-03,2.728433e+02,4.928474e-02,3.857654e-06,3.320203e-01,2.404821e-03,2.404821e-03,0.0000,0,298.8,1781889371
270,2.381634e-03,2.755014e+02,4.886437e-02,3.697527e-06,3.331658e-01,2.423255e-03,2.404821e-03,0.0000,1,298.8,1781889670
271,2.365427e-03,2.792759e+02,5.012640e-02,3.500357e-06,3.330303e-01,2.461287e-03,2.404821e-03,0.0000,2,298.8,1781889969
272,2.349531e-03,2.799444e+02,4.879487e-02,3.700567e-06,3.326286e-01,2.385082e-03,2.385082e-03,0.0000,0,298.8,1781890268
273,2.326984e-03,2.780714e+02,4.945408e-02,3.533169e-06,3.311314e-01,2.369938e-03,2.369938e-03,0.0000,0,298.8,1781890567
274,2.294720e-03,2.843854e+02,5.026447e-02,3.671503e-06,3.316283e-01,2.332046e-03,2.332046e-03,0.0000,0,298.8,1781890865
275,2.303247e-03,2.800430e+02,4.910344e-02,3.680703e-06,3.331958e-01,2.326393e-03,2.326393e-03,0.0000,0,298.9,1781891164
276,2.291175e-03,2.843240e+02,5.048408e-02,3.551630e-06,3.337052e-01,2.339908e-03,2.326393e-03,0.0000,1,298.8,1781891463
277,2.274809e-03,2.852933e+02,4.926537e-02,3.505179e-06,3.329161e-01,2.391339e-03,2.326393e-03,0.0000,2,298.8,1781891762
278,2.287370e-03,2.852510e+02,5.180068e-02,3.471359e-06,3.340983e-01,2.364835e-03,2.326393e-03,0.0000,3,298.9,1781892061
279,2.283949e-03,2.828334e+02,5.262086e-02,3.622459e-06,3.354921e-01,2.309675e-03,2.309675e-03,0.0000,0,298.8,1781892360
280,2.261402e-03,2.813297e+02,4.942754e-02,3.336089e-06,3.344694e-01,2.268612e-03,2.268612e-03,0.0000,0,298.8,1781892658
281,2.266317e-03,2.793801e+02,5.079339e-02,3.342660e-06,3.329127e-01,2.260173e-03,2.260173e-03,0.0000,0,298.8,1781892957
282,2.245499e-03,2.792432e+02,5.125865e-02,3.352068e-06,3.313332e-01,2.282380e-03,2.260173e-03,0.0000,1,298.8,1781893256
283,2.242566e-03,2.799694e+02,5.204961e-02,3.538354e-06,3.337298e-01,2.216441e-03,2.216441e-03,0.0000,0,298.8,1781893555
284,2.218577e-03,2.783265e+02,5.357431e-02,3.217480e-06,3.335594e-01,2.311872e-03,2.216441e-03,0.0000,1,298.8,1781893854
285,2.230154e-03,2.801890e+02,5.129727e-02,3.149831e-06,3.347405e-01,2.286731e-03,2.216441e-03,0.0000,2,298.7,1781894152
286,2.224723e-03,2.707516e+02,5.431225e-02,3.597807e-06,3.350928e-01,2.304096e-03,2.216441e-03,0.0000,3,298.7,1781894451
287,2.218419e-03,2.758145e+02,5.213258e-02,3.539404e-06,3.348853e-01,2.223760e-03,2.216441e-03,0.0000,4,298.6,1781894750
288,2.211393e-03,2.723701e+02,5.521341e-02,3.305213e-06,3.331453e-01,2.321892e-03,2.216441e-03,0.0000,5,298.7,1781895048
289,2.208647e-03,2.770520e+02,5.420406e-02,3.348980e-06,3.354843e-01,2.218549e-03,2.216441e-03,0.0000,6,298.6,1781895347
290,2.208757e-03,2.768720e+02,5.341947e-02,3.353896e-06,3.342787e-01,2.253660e-03,2.216441e-03,0.0000,7,298.7,1781895646
291,2.211769e-03,2.776362e+02,5.427323e-02,3.399137e-06,3.321048e-01,2.261082e-03,2.216441e-03,0.0000,8,298.7,1781895944
292,2.196336e-03,2.767376e+02,5.376823e-02,3.534188e-06,3.321551e-01,2.260574e-03,2.216441e-03,0.0000,9,298.7,1781896243
293,2.188704e-03,2.748365e+02,5.178457e-02,3.466676e-06,3.359660e-01,2.315078e-03,2.216441e-03,0.0000,10,298.7,1781896542
294,2.181663e-03,2.725056e+02,5.021680e-02,3.470974e-06,3.327135e-01,2.248067e-03,2.216441e-03,0.0000,11,298.6,1781896840
295,2.189014e-03,2.741254e+02,5.300674e-02,3.298537e-06,3.352493e-01,2.269209e-03,2.216441e-03,0.0000,12,298.6,1781897139
296,2.187642e-03,2.753082e+02,5.357533e-02,3.587864e-06,3.315441e-01,2.216092e-03,2.216092e-03,0.0000,0,298.6,1781897438
297,2.178104e-03,2.766768e+02,5.378937e-02,3.170610e-06,3.303187e-01,2.220819e-03,2.216092e-03,0.0000,1,298.7,1781897736
298,2.164586e-03,2.768989e+02,5.042646e-02,3.117344e-06,3.344763e-01,2.191415e-03,2.191415e-03,0.0000,0,298.7,1781898035
299,2.149139e-03,2.772949e+02,5.288788e-02,3.539884e-06,3.340628e-01,2.180200e-03,2.180200e-03,0.0000,0,298.3,1781898333
300,2.143388e-03,2.816031e+02,5.323634e-02,3.393339e-06,3.328341e-01,2.201299e-03,2.180200e-03,0.0000,1,298.7,1781898632
301,2.137448e-03,2.762295e+02,5.246746e-02,3.596992e-06,3.347209e-01,2.221854e-03,2.180200e-03,0.0000,2,298.8,1781898931
302,2.149427e-03,2.778230e+02,5.129757e-02,3.331298e-06,3.338008e-01,2.131316e-03,2.131316e-03,0.0000,0,298.8,1781899230
303,2.121133e-03,2.756853e+02,5.118131e-02,3.579887e-06,3.342186e-01,2.152467e-03,2.131316e-03,0.0000,1,298.7,1781899528
304,2.111894e-03,2.769006e+02,5.374845e-02,3.316439e-06,3.329711e-01,2.179726e-03,2.131316e-03,0.0000,2,298.7,1781899827
305,2.091320e-03,2.793334e+02,5.263312e-02,3.341134e-06,3.335708e-01,2.145405e-03,2.131316e-03,0.0000,3,298.7,1781900126
306,2.091327e-03,2.796381e+02,5.470643e-02,3.473125e-06,3.367735e-01,2.120791e-03,2.120791e-03,0.0000,0,298.8,1781900425
307,2.073358e-03,2.840919e+02,5.539717e-02,3.481938e-06,3.342209e-01,2.092866e-03,2.092866e-03,0.0000,0,298.8,1781900723
308,2.063256e-03,2.785078e+02,5.307642e-02,3.638469e-06,3.347363e-01,2.151701e-03,2.092866e-03,0.0000,1,298.7,1781901022
309,2.071834e-03,2.793844e+02,5.356361e-02,3.439767e-06,3.316036e-01,2.142708e-03,2.092866e-03,0.0000,2,298.8,1781901321
310,2.058418e-03,2.773020e+02,5.385742e-02,3.407015e-06,3.344496e-01,2.148809e-03,2.092866e-03,0.0000,3,298.9,1781901620
311,2.066400e-03,2.758671e+02,5.408668e-02,3.842968e-06,3.353221e-01,2.131110e-03,2.092866e-03,0.0000,4,298.8,1781901919
312,2.076108e-03,2.758452e+02,5.536263e-02,3.364379e-06,3.357115e-01,2.148137e-03,2.092866e-03,0.0000,5,298.8,1781902217
313,2.062026e-03,2.796819e+02,5.338549e-02,3.366937e-06,3.348959e-01,2.108210e-03,2.092866e-03,0.0000,6,298.8,1781902516
314,2.062503e-03,2.802601e+02,5.424478e-02,3.459194e-06,3.333196e-01,2.069597e-03,2.069597e-03,0.0000,0,298.7,1781902815
315,2.045185e-03,2.795872e+02,5.592284e-02,3.764408e-06,3.330812e-01,2.094117e-03,2.069597e-03,0.0000,1,298.8,1781903114
316,2.038563e-03,2.757758e+02,5.521913e-02,3.306862e-06,3.329670e-01,2.101487e-03,2.069597e-03,0.0000,2,298.7,1781903412
317,2.032721e-03,2.797915e+02,5.348161e-02,3.234692e-06,3.340760e-01,2.061694e-03,2.061694e-03,0.0000,0,298.7,1781903711
318,2.030164e-03,2.800011e+02,5.660983e-02,3.720702e-06,3.346477e-01,2.080525e-03,2.061694e-03,0.0000,1,298.8,1781904010
319,2.048871e-03,2.861459e+02,5.245705e-02,3.401933e-06,3.349308e-01,2.119291e-03,2.061694e-03,0.0000,2,298.8,1781904309
320,2.050869e-03,2.816963e+02,5.336584e-02,3.406574e-06,3.363161e-01,2.083241e-03,2.061694e-03,0.0000,3,298.8,1781904607
321,2.044591e-03,2.828886e+02,5.409842e-02,3.410513e-06,3.351195e-01,2.091691e-03,2.061694e-03,0.0000,4,298.8,1781904906
322,2.033428e-03,2.789935e+02,5.260271e-02,3.420920e-06,3.317255e-01,2.140329e-03,2.061694e-03,0.0000,5,298.8,1781905205
323,2.028293e-03,2.809848e+02,5.647782e-02,3.558673e-06,3.338629e-01,2.103592e-03,2.061694e-03,0.0000,6,298.8,1781905504
324,2.041899e-03,2.785740e+02,5.434540e-02,3.601737e-06,3.323438e-01,2.083730e-03,2.061694e-03,0.0000,7,298.7,1781905803
325,2.032732e-03,2.783724e+02,5.239197e-02,3.561778e-06,3.343330e-01,2.064776e-03,2.061694e-03,0.0000,8,298.7,1781906101
326,2.030544e-03,2.766532e+02,5.320307e-02,3.624020e-06,3.334542e-01,2.092403e-03,2.061694e-03,0.0000,9,298.7,1781906400
327,2.028248e-03,2.750231e+02,5.080256e-02,3.509844e-06,3.345382e-01,2.103438e-03,2.061694e-03,0.0000,10,298.6,1781906699
328,2.034485e-03,2.768502e+02,5.238904e-02,3.327697e-06,3.368084e-01,2.161807e-03,2.061694e-03,0.0000,11,298.7,1781906997
329,2.048642e-03,2.792463e+02,5.180876e-02,3.763044e-06,3.333508e-01,2.125507e-03,2.061694e-03,0.0000,12,298.8,1781907296
330,2.044580e-03,2.778157e+02,5.156629e-02,3.550390e-06,3.339337e-01,2.138718e-03,2.061694e-03,0.0000,13,298.7,1781907595
331,2.065023e-03,2.772509e+02,5.366590e-02,3.413188e-06,3.333603e-01,2.113056e-03,2.061694e-03,0.0000,14,298.6,1781907893
332,2.052323e-03,2.812416e+02,5.443285e-02,3.395313e-06,3.333332e-01,2.096425e-03,2.061694e-03,0.0000,15,298.7,1781908192
333,2.038613e-03,2.854795e+02,5.493595e-02,3.476885e-06,3.338413e-01,2.142133e-03,2.061694e-03,0.0000,16,298.7,1781908491
334,1.903201e-03,2.808745e+02,5.463561e-02,3.474209e-06,3.328197e-01,1.977303e-03,1.977303e-03,0.0000,0,298.7,1781908790
335,1.896042e-03,2.789625e+02,5.325556e-02,3.510267e-06,3.348905e-01,1.983701e-03,1.977303e-03,0.0000,1,298.7,1781909088
336,1.890222e-03,2.812519e+02,5.409547e-02,3.212672e-06,3.333635e-01,1.942905e-03,1.942905e-03,0.0000,0,298.7,1781909387
337,1.891506e-03,2.803014e+02,5.357829e-02,3.658223e-06,3.353267e-01,1.951605e-03,1.942905e-03,0.0000,1,298.7,1781909686
338,1.875582e-03,2.792722e+02,5.507882e-02,3.689116e-06,3.334380e-01,1.932322e-03,1.932322e-03,0.0000,0,298.3,1781909984
339,1.866601e-03,2.825488e+02,5.388098e-02,3.481750e-06,3.339028e-01,1.982540e-03,1.932322e-03,0.0000,1,298.7,1781910283
340,1.867634e-03,2.835924e+02,5.305760e-02,3.548113e-06,3.354182e-01,1.941518e-03,1.932322e-03,0.0000,2,298.8,1781910581
341,1.865298e-03,2.831450e+02,5.395108e-02,3.492278e-06,3.348814e-01,1.936552e-03,1.932322e-03,0.0000,3,298.8,1781910880
342,1.857055e-03,2.794816e+02,5.435367e-02,3.368439e-06,3.342770e-01,1.937024e-03,1.932322e-03,0.0000,4,298.7,1781911179
343,1.848449e-03,2.796179e+02,5.480638e-02,3.540890e-06,3.349146e-01,1.918273e-03,1.918273e-03,0.0000,0,298.8,1781911478
344,1.836256e-03,2.786042e+02,5.378762e-02,3.533808e-06,3.333642e-01,1.931458e-03,1.918273e-03,0.0000,1,298.7,1781911776
345,1.825799e-03,2.834453e+02,5.393092e-02,3.339272e-06,3.337119e-01,1.878204e-03,1.878204e-03,0.0000,0,298.7,1781912075
346,1.817609e-03,2.824901e+02,5.363418e-02,3.475256e-06,3.331577e-01,1.871879e-03,1.871879e-03,0.0000,0,298.7,1781912374
347,1.813034e-03,2.824813e+02,5.299933e-02,3.617597e-06,3.332487e-01,1.872195e-03,1.871879e-03,0.0000,1,298.6,1781912672
348,1.822761e-03,2.853216e+02,5.347803e-02,3.377602e-06,3.324680e-01,1.852163e-03,1.852163e-03,0.0000,0,298.7,1781912971
349,1.814284e-03,2.808216e+02,5.281339e-02,3.478966e-06,3.340013e-01,1.866599e-03,1.852163e-03,0.0000,1,298.7,1781913270
350,1.815693e-03,2.841429e+02,5.335673e-02,3.437198e-06,3.352702e-01,1.888269e-03,1.852163e-03,0.0000,2,298.8,1781913568
351,1.802172e-03,2.831811e+02,5.388827e-02,3.491865e-06,3.342758e-01,1.903306e-03,1.852163e-03,0.0000,3,298.8,1781913867
352,1.796699e-03,2.826143e+02,5.368482e-02,3.479456e-06,3.338038e-01,1.877046e-03,1.852163e-03,0.0000,4,298.8,1781914166
353,1.798300e-03,2.833936e+02,5.324678e-02,3.401453e-06,3.334608e-01,1.870332e-03,1.852163e-03,0.0000,5,298.8,1781914465
354,1.792720e-03,2.847736e+02,5.451612e-02,3.337042e-06,3.341812e-01,1.802197e-03,1.802197e-03,0.0000,0,298.8,1781914764
355,1.779000e-03,2.833323e+02,5.564637e-02,3.322753e-06,3.338761e-01,1.851810e-03,1.802197e-03,0.0000,1,298.8,1781915062
356,1.774637e-03,2.856922e+02,5.568832e-02,3.412865e-06,3.344362e-01,1.823437e-03,1.802197e-03,0.0000,2,298.8,1781915361
357,1.771314e-03,2.851298e+02,5.529477e-02,3.389753e-06,3.350291e-01,1.814027e-03,1.802197e-03,0.0000,3,298.8,1781915660
358,1.762637e-03,2.879897e+02,5.688165e-02,3.339353e-06,3.339259e-01,1.876524e-03,1.802197e-03,0.0000,4,298.8,1781915959
359,1.759785e-03,2.877217e+02,5.475234e-02,3.551145e-06,3.347837e-01,1.792486e-03,1.792486e-03,0.0000,0,298.8,1781916258
360,1.747354e-03,2.879653e+02,5.519447e-02,3.681538e-06,3.338151e-01,1.775723e-03,1.775723e-03,0.0000,0,298.7,1781916556
361,1.750666e-03,2.908770e+02,5.529627e-02,3.503682e-06,3.345327e-01,1.804521e-03,1.775723e-03,0.0000,1,298.8,1781916855
362,1.739873e-03,2.874915e+02,5.455256e-02,3.642287e-06,3.330352e-01,1.793720e-03,1.775723e-03,0.0000,2,298.8,1781917154
363,1.729122e-03,2.906012e+02,5.316155e-02,3.539287e-06,3.350000e-01,1.767777e-03,1.767777e-03,0.0000,0,298.8,1781917453
364,1.724689e-03,2.908804e+02,5.320777e-02,3.435707e-06,3.347728e-01,1.751742e-03,1.751742e-03,0.0000,0,298.9,1781917752
365,1.720368e-03,2.916279e+02,5.324308e-02,3.420931e-06,3.345468e-01,1.763958e-03,1.751742e-03,0.0000,1,298.8,1781918051
366,1.723401e-03,2.896566e+02,5.337110e-02,3.362016e-06,3.344652e-01,1.776961e-03,1.751742e-03,0.0000,2,298.9,1781918349
367,1.721227e-03,2.904776e+02,5.311122e-02,3.425633e-06,3.339444e-01,1.782220e-03,1.751742e-03,0.0000,3,298.8,1781918648
368,1.725915e-03,2.926752e+02,5.393193e-02,3.505660e-06,3.339159e-01,1.766920e-03,1.751742e-03,0.0000,4,298.7,1781918947
369,1.721177e-03,2.898130e+02,5.383494e-02,3.462150e-06,3.347265e-01,1.789345e-03,1.751742e-03,0.0000,5,298.6,1781919246
370,1.720548e-03,2.892115e+02,5.508414e-02,3.478813e-06,3.339529e-01,1.776633e-03,1.751742e-03,0.0000,6,298.7,1781919544
371,1.717724e-03,2.873912e+02,5.469533e-02,3.438354e-06,3.349401e-01,1.746794e-03,1.746794e-03,0.0000,0,298.7,1781919843
372,1.710939e-03,2.858433e+02,5.477525e-02,3.361808e-06,3.350861e-01,1.771732e-03,1.746794e-03,0.0000,1,298.8,1781920142
373,1.706527e-03,2.880290e+02,5.401883e-02,3.502804e-06,3.349611e-01,1.774821e-03,1.746794e-03,0.0000,2,298.6,1781920440
374,1.706405e-03,2.888520e+02,5.379411e-02,3.326569e-06,3.341572e-01,1.751005e-03,1.746794e-03,0.0000,3,298.7,1781920739
375,1.706189e-03,2.885988e+02,5.447867e-02,3.552206e-06,3.343455e-01,1.782740e-03,1.746794e-03,0.0000,4,298.8,1781921038
376,1.697808e-03,2.884194e+02,5.464741e-02,3.611906e-06,3.355867e-01,1.766914e-03,1.746794e-03,0.0000,5,298.7,1781921337
377,1.693385e-03,2.893081e+02,5.368598e-02,3.456056e-06,3.350968e-01,1.744720e-03,1.744720e-03,0.0000,0,298.7,1781921635
378,1.686517e-03,2.886731e+02,5.499100e-02,3.519001e-06,3.342634e-01,1.752178e-03,1.744720e-03,0.0000,1,298.3,1781921934
379,1.682269e-03,2.898129e+02,5.441747e-02,3.422821e-06,3.362617e-01,1.729573e-03,1.729573e-03,0.0000,0,298.7,1781922232
380,1.672936e-03,2.842419e+02,5.437767e-02,3.439943e-06,3.336014e-01,1.733809e-03,1.729573e-03,0.0000,1,298.7,1781922531
381,1.672900e-03,2.876606e+02,5.401671e-02,3.565007e-06,3.335323e-01,1.732135e-03,1.729573e-03,0.0000,2,298.7,1781922830
382,1.669859e-03,2.864755e+02,5.392060e-02,3.429759e-06,3.347537e-01,1.733574e-03,1.729573e-03,0.0000,3,298.8,1781923129
383,1.667232e-03,2.857818e+02,5.528926e-02,3.503931e-06,3.352697e-01,1.710867e-03,1.710867e-03,0.0000,0,298.7,1781923427
384,1.669316e-03,2.876483e+02,5.489716e-02,3.479703e-06,3.349301e-01,1.717862e-03,1.710867e-03,0.0000,1,298.7,1781923726
385,1.665326e-03,2.897618e+02,5.513931e-02,3.502831e-06,3.348034e-01,1.714841e-03,1.710867e-03,0.0000,2,298.6,1781924025
386,1.665093e-03,2.879382e+02,5.554070e-02,3.399746e-06,3.327212e-01,1.702016e-03,1.702016e-03,0.0000,0,298.7,1781924323
387,1.661605e-03,2.859339e+02,5.419619e-02,3.379207e-06,3.340259e-01,1.706072e-03,1.702016e-03,0.0000,1,298.7,1781924622
388,1.661500e-03,2.855338e+02,5.536597e-02,3.493115e-06,3.353798e-01,1.737400e-03,1.702016e-03,0.0000,2,298.6,1781924921
389,1.656546e-03,2.863610e+02,5.521459e-02,3.598108e-06,3.344988e-01,1.734235e-03,1.702016e-03,0.0000,3,298.7,1781925219
390,1.652125e-03,2.882241e+02,5.672838e-02,3.552518e-06,3.338635e-01,1.718747e-03,1.702016e-03,0.0000,4,298.7,1781925518
391,1.648643e-03,2.853258e+02,5.492370e-02,3.432056e-06,3.339892e-01,1.714934e-03,1.702016e-03,0.0000,5,298.7,1781925817
392,1.641810e-03,2.863644e+02,5.507279e-02,3.145791e-06,3.364711e-01,1.695327e-03,1.695327e-03,0.0000,0,298.7,1781926116
393,1.634895e-03,2.874780e+02,5.544723e-02,3.501479e-06,3.334847e-01,1.669807e-03,1.669807e-03,0.0000,0,298.8,1781926414
394,1.630042e-03,2.846622e+02,5.509879e-02,3.453587e-06,3.347226e-01,1.692651e-03,1.669807e-03,0.0000,1,298.7,1781926713
395,1.625630e-03,2.862546e+02,5.579326e-02,3.477539e-06,3.354146e-01,1.689051e-03,1.669807e-03,0.0000,2,298.8,1781927012
396,1.626472e-03,2.879846e+02,5.523714e-02,3.510536e-06,3.352936e-01,1.692130e-03,1.669807e-03,0.0000,3,298.7,1781927311
397,1.629238e-03,2.903807e+02,5.575283e-02,3.522285e-06,3.357874e-01,1.727106e-03,1.669807e-03,0.0000,4,298.7,1781927609
398,1.630543e-03,2.882204e+02,5.555523e-02,3.583928e-06,3.350241e-01,1.698812e-03,1.669807e-03,0.0000,5,298.7,1781927908
399,1.626252e-03,2.866269e+02,5.469175e-02,3.359411e-06,3.365151e-01,1.689361e-03,1.669807e-03,0.0000,6,298.7,1781928207
400,1.622928e-03,2.870454e+02,5.496915e-02,3.493399e-06,3.349474e-01,1.681984e-03,1.669807e-03,0.0000,7,298.7,1781928505
401,1.622540e-03,2.874270e+02,5.484128e-02,3.408300e-06,3.342048e-01,1.679040e-03,1.669807e-03,0.0000,8,298.7,1781928804
402,1.622689e-03,2.906899e+02,5.433366e-02,3.373193e-06,3.351398e-01,1.677814e-03,1.669807e-03,0.0000,9,298.8,1781929103
403,1.616577e-03,2.887764e+02,5.619592e-02,3.511682e-06,3.355263e-01,1.656611e-03,1.656611e-03,0.0000,0,298.7,1781929402
404,1.618109e-03,2.887396e+02,5.618342e-02,3.376000e-06,3.345979e-01,1.668268e-03,1.656611e-03,0.0000,1,298.7,1781929700
405,1.616414e-03,2.900533e+02,5.761629e-02,3.298989e-06,3.347347e-01,1.677858e-03,1.656611e-03,0.0000,2,298.7,1781929999
406,1.616756e-03,2.869615e+02,5.551394e-02,3.619950e-06,3.352821e-01,1.711354e-03,1.656611e-03,0.0000,3,298.7,1781930298
407,1.614606e-03,2.898432e+02,5.725078e-02,3.713212e-06,3.353714e-01,1.672597e-03,1.656611e-03,0.0000,4,298.7,1781930597
408,1.614500e-03,2.879343e+02,5.666641e-02,3.591255e-06,3.347155e-01,1.696051e-03,1.656611e-03,0.0000,5,298.8,1781930895
409,1.610205e-03,2.878576e+02,5.644568e-02,3.354907e-06,3.348626e-01,1.656948e-03,1.656611e-03,0.0000,6,298.8,1781931194
410,1.607620e-03,2.878405e+02,5.694019e-02,3.514753e-06,3.355640e-01,1.677727e-03,1.656611e-03,0.0000,7,298.8,1781931493
411,1.606972e-03,2.877621e+02,5.664146e-02,3.642862e-06,3.356753e-01,1.705546e-03,1.656611e-03,0.0000,8,298.7,1781931792
412,1.607111e-03,2.890567e+02,5.647936e-02,3.505489e-06,3.342965e-01,1.673995e-03,1.656611e-03,0.0000,9,298.8,1781932090
413,1.608902e-03,2.845304e+02,5.647590e-02,3.635182e-06,3.358363e-01,1.688765e-03,1.656611e-03,0.0000,10,298.8,1781932389
414,1.611011e-03,2.837967e+02,5.573360e-02,3.567503e-06,3.340237e-01,1.658254e-03,1.656611e-03,0.0000,11,298.8,1781932688
415,1.615439e-03,2.847672e+02,5.455028e-02,3.608563e-06,3.364890e-01,1.674022e-03,1.656611e-03,0.0000,12,298.7,1781932987
416,1.618756e-03,2.888769e+02,5.570604e-02,3.527090e-06,3.339643e-01,1.639019e-03,1.639019e-03,0.0000,0,298.7,1781933285
417,1.608178e-03,2.855621e+02,5.444752e-02,3.444517e-06,3.358309e-01,1.669653e-03,1.639019e-03,0.0000,1,298.3,1781933584
418,1.607677e-03,2.879288e+02,5.542791e-02,3.515957e-06,3.360076e-01,1.654849e-03,1.639019e-03,0.0000,2,298.7,1781933882
419,1.605091e-03,2.870758e+02,5.565799e-02,3.464072e-06,3.348141e-01,1.648133e-03,1.639019e-03,0.0000,3,298.7,1781934181
420,1.599261e-03,2.865807e+02,5.601360e-02,3.701540e-06,3.339414e-01,1.636453e-03,1.636453e-03,0.0000,0,298.8,1781934480
421,1.597336e-03,2.853219e+02,5.521839e-02,3.511221e-06,3.350115e-01,1.665338e-03,1.636453e-03,0.0000,1,298.8,1781934779
422,1.596784e-03,2.879561e+02,5.652440e-02,3.550066e-06,3.361983e-01,1.669231e-03,1.636453e-03,0.0000,2,298.7,1781935077
423,1.598842e-03,2.909882e+02,5.654521e-02,3.409238e-06,3.346333e-01,1.651284e-03,1.636453e-03,0.0000,3,298.7,1781935376
424,1.596524e-03,2.871889e+02,5.617891e-02,3.461945e-06,3.345833e-01,1.660829e-03,1.636453e-03,0.0000,4,298.8,1781935675
425,1.595109e-03,2.892334e+02,5.570770e-02,3.641304e-06,3.360825e-01,1.641361e-03,1.636453e-03,0.0000,5,298.7,1781935973
426,1.596801e-03,2.894845e+02,5.489431e-02,3.447232e-06,3.342549e-01,1.644210e-03,1.636453e-03,0.0000,6,298.7,1781936272
427,1.601773e-03,2.892890e+02,5.449918e-02,3.467036e-06,3.339907e-01,1.681885e-03,1.636453e-03,0.0000,7,298.7,1781936571
428,1.601887e-03,2.862700e+02,5.329799e-02,3.546971e-06,3.353098e-01,1.670451e-03,1.636453e-03,0.0000,8,298.7,1781936870
429,1.601570e-03,2.897647e+02,5.417366e-02,3.511488e-06,3.343674e-01,1.663392e-03,1.636453e-03,0.0000,9,298.8,1781937168
430,1.597662e-03,2.867596e+02,5.545836e-02,3.495302e-06,3.351044e-01,1.675166e-03,1.636453e-03,0.0000,10,298.7,1781937467
431,1.598939e-03,2.870994e+02,5.400083e-02,3.666864e-06,3.338553e-01,1.692069e-03,1.636453e-03,0.0000,11,298.7,1781937766
432,1.596208e-03,2.871259e+02,5.389301e-02,3.514417e-06,3.362016e-01,1.661265e-03,1.636453e-03,0.0000,12,298.7,1781938065
433,1.592830e-03,2.907054e+02,5.421253e-02,3.446774e-06,3.359006e-01,1.647478e-03,1.636453e-03,0.0000,13,298.7,1781938363
434,1.593062e-03,2.870249e+02,5.337505e-02,3.462605e-06,3.347881e-01,1.667382e-03,1.636453e-03,0.0000,14,298.8,1781938662
435,1.590290e-03,2.859480e+02,5.410766e-02,3.352582e-06,3.357629e-01,1.622149e-03,1.622149e-03,0.0000,0,298.8,1781938961
436,1.587428e-03,2.880707e+02,5.457178e-02,3.385225e-06,3.335265e-01,1.648639e-03,1.622149e-03,0.0000,1,298.7,1781939260
437,1.590592e-03,2.873094e+02,5.530097e-02,3.412476e-06,3.336437e-01,1.630396e-03,1.622149e-03,0.0000,2,298.8,1781939558
438,1.587612e-03,2.871914e+02,5.532958e-02,3.519904e-06,3.363415e-01,1.639018e-03,1.622149e-03,0.0000,3,298.8,1781939857
439,1.588678e-03,2.888128e+02,5.529433e-02,3.263893e-06,3.360013e-01,1.649444e-03,1.622149e-03,0.0000,4,298.7,1781940156
440,1.585190e-03,2.879763e+02,5.425241e-02,3.484309e-06,3.334501e-01,1.645237e-03,1.622149e-03,0.0000,5,298.7,1781940455
441,1.583635e-03,2.861381e+02,5.482371e-02,3.614630e-06,3.352363e-01,1.663019e-03,1.622149e-03,0.0000,6,298.7,1781940753
442,1.580065e-03,2.886312e+02,5.509749e-02,3.710926e-06,3.340806e-01,1.642874e-03,1.622149e-03,0.0000,7,298.7,1781941052
443,1.582718e-03,2.911578e+02,5.602649e-02,3.361318e-06,3.354522e-01,1.636504e-03,1.622149e-03,0.0000,8,298.7,1781941351
444,1.582748e-03,2.894476e+02,5.515084e-02,3.554055e-06,3.345206e-01,1.618635e-03,1.618635e-03,0.0000,0,298.8,1781941649
445,1.582665e-03,2.918912e+02,5.494576e-02,3.463589e-06,3.360350e-01,1.618759e-03,1.618635e-03,0.0000,1,298.7,1781941948
446,1.583183e-03,2.889228e+02,5.514824e-02,3.486890e-06,3.356069e-01,1.639428e-03,1.618635e-03,0.0000,2,298.7,1781942247
447,1.578072e-03,2.917014e+02,5.489172e-02,3.558406e-06,3.351354e-01,1.629612e-03,1.618635e-03,0.0000,3,298.7,1781942546
448,1.575795e-03,2.933419e+02,5.439630e-02,3.576064e-06,3.347168e-01,1.640620e-03,1.618635e-03,0.0000,4,298.7,1781942844
449,1.570704e-03,2.902448e+02,5.487648e-02,3.465657e-06,3.345043e-01,1.646021e-03,1.618635e-03,0.0000,5,298.7,1781943143
450,1.566855e-03,2.932696e+02,5.547357e-02,3.789975e-06,3.338292e-01,1.605414e-03,1.605414e-03,0.0000,0,298.7,1781943442
451,1.562459e-03,2.921108e+02,5.533598e-02,3.496290e-06,3.333150e-01,1.638802e-03,1.605414e-03,0.0000,1,298.7,1781943740
452,1.562382e-03,2.926687e+02,5.570225e-02,3.610515e-06,3.355823e-01,1.604282e-03,1.604282e-03,0.0000,0,298.7,1781944039
453,1.556670e-03,2.903082e+02,5.616289e-02,3.458288e-06,3.336673e-01,1.646982e-03,1.604282e-03,0.0000,1,298.7,1781944338
454,1.550214e-03,2.907140e+02,5.649764e-02,3.562440e-06,3.340548e-01,1.603061e-03,1.603061e-03,0.0000,0,298.7,1781944637
455,1.546787e-03,2.902930e+02,5.579269e-02,3.432015e-06,3.352362e-01,1.608704e-03,1.603061e-03,0.0000,1,298.7,1781944935
456,1.543657e-03,2.926156e+02,5.650092e-02,3.503228e-06,3.344710e-01,1.587005e-03,1.587005e-03,0.0000,0,298.4,1781945234
457,1.542905e-03,2.927850e+02,5.622415e-02,3.433760e-06,3.347999e-01,1.584813e-03,1.584813e-03,0.0000,0,298.7,1781945532
458,1.539327e-03,2.928771e+02,5.603012e-02,3.556841e-06,3.347839e-01,1.586724e-03,1.584813e-03,0.0000,1,298.7,1781945831
459,1.536852e-03,2.930106e+02,5.586982e-02,3.521729e-06,3.333494e-01,1.606923e-03,1.584813e-03,0.0000,2,298.7,1781946130
460,1.535610e-03,2.944461e+02,5.593988e-02,3.433666e-06,3.360094e-01,1.616753e-03,1.584813e-03,0.0000,3,298.7,1781946429
461,1.531105e-03,2.934864e+02,5.640265e-02,3.549491e-06,3.345797e-01,1.585204e-03,1.584813e-03,0.0000,4,298.6,1781946727
462,1.528356e-03,2.941674e+02,5.555553e-02,3.456596e-06,3.340883e-01,1.584747e-03,1.584747e-03,0.0000,0,298.7,1781947026
463,1.522187e-03,2.925073e+02,5.740069e-02,3.467596e-06,3.356324e-01,1.556774e-03,1.556774e-03,0.0000,0,298.7,1781947325
464,1.516321e-03,2.919040e+02,5.711520e-02,3.596434e-06,3.339855e-01,1.563158e-03,1.556774e-03,0.0000,1,298.7,1781947623
465,1.514907e-03,2.927490e+02,5.742451e-02,3.481524e-06,3.338182e-01,1.563541e-03,1.556774e-03,0.0000,2,298.6,1781947922
466,1.509127e-03,2.913689e+02,5.677176e-02,3.419005e-06,3.352174e-01,1.556407e-03,1.556407e-03,0.0000,0,298.6,1781948220
467,1.508396e-03,2.931913e+02,5.773630e-02,3.686279e-06,3.344689e-01,1.560773e-03,1.556407e-03,0.0000,1,298.6,1781948519
468,1.504580e-03,2.919720e+02,5.697841e-02,3.573297e-06,3.345360e-01,1.551184e-03,1.551184e-03,0.0000,0,298.6,1781948818
469,1.506775e-03,2.917104e+02,5.596750e-02,3.524264e-06,3.359908e-01,1.579501e-03,1.551184e-03,0.0000,1,298.6,1781949116
470,1.506313e-03,2.916962e+02,5.660786e-02,3.641359e-06,3.332238e-01,1.582887e-03,1.551184e-03,0.0000,2,298.7,1781949415
471,1.510452e-03,2.908232e+02,5.711199e-02,3.614730e-06,3.342955e-01,1.545413e-03,1.545413e-03,0.0000,0,298.7,1781949714
472,1.509314e-03,2.929663e+02,5.562875e-02,3.467560e-06,3.334593e-01,1.565633e-03,1.545413e-03,0.0000,1,298.7,1781950012
473,1.515085e-03,2.924831e+02,5.691250e-02,3.460831e-06,3.353570e-01,1.565283e-03,1.545413e-03,0.0000,2,298.7,1781950311
474,1.511703e-03,2.897097e+02,5.706625e-02,3.525840e-06,3.339674e-01,1.545056e-03,1.545056e-03,0.0000,0,298.7,1781950610
475,1.512542e-03,2.942214e+02,5.557963e-02,3.545164e-06,3.353756e-01,1.533906e-03,1.533906e-03,0.0000,0,298.6,1781950908
476,1.507782e-03,2.908284e+02,5.625503e-02,3.578009e-06,3.342261e-01,1.560198e-03,1.533906e-03,0.0000,1,298.7,1781951207
477,1.505748e-03,2.927148e+02,5.627127e-02,3.554071e-06,3.352454e-01,1.545649e-03,1.533906e-03,0.0000,2,298.8,1781951506
478,1.507883e-03,2.915680e+02,5.622481e-02,3.603735e-06,3.345073e-01,1.544687e-03,1.533906e-03,0.0000,3,298.8,1781951805
479,1.511362e-03,2.909383e+02,5.736521e-02,3.326545e-06,3.343542e-01,1.562354e-03,1.533906e-03,0.0000,4,298.8,1781952103
480,1.507121e-03,2.908765e+02,5.720703e-02,3.645887e-06,3.329334e-01,1.537417e-03,1.533906e-03,0.0000,5,298.8,1781952402
481,1.503544e-03,2.890679e+02,5.693450e-02,3.528188e-06,3.346863e-01,1.572036e-03,1.533906e-03,0.0000,6,298.8,1781952701
482,1.503310e-03,2.891672e+02,5.625683e-02,3.531381e-06,3.350176e-01,1.552370e-03,1.533906e-03,0.0000,7,298.8,1781953000
483,1.500617e-03,2.916111e+02,5.742738e-02,3.591116e-06,3.342982e-01,1.554579e-03,1.533906e-03,0.0000,8,298.8,1781953299
484,1.512963e-03,2.888805e+02,5.693177e-02,3.538321e-06,3.371744e-01,1.581634e-03,1.533906e-03,0.0000,9,298.8,1781953598
485,1.509972e-03,2.929577e+02,5.742914e-02,3.497685e-06,3.350855e-01,1.551769e-03,1.533906e-03,0.0000,10,298.8,1781953896
486,1.507042e-03,2.932334e+02,5.863507e-02,3.453517e-06,3.351086e-01,1.548404e-03,1.533906e-03,0.0000,11,298.8,1781954195
487,1.508366e-03,2.910582e+02,5.794970e-02,3.423088e-06,3.352546e-01,1.563588e-03,1.533906e-03,0.0000,12,298.8,1781954494
488,1.505123e-03,2.914492e+02,5.635736e-02,3.560802e-06,3.337175e-01,1.557366e-03,1.533906e-03,0.0000,13,298.7,1781954793
489,1.506923e-03,2.919801e+02,5.773529e-02,3.488729e-06,3.359876e-01,1.547643e-03,1.533906e-03,0.0000,14,298.6,1781955091
490,1.504131e-03,2.901629e+02,5.794163e-02,3.486127e-06,3.342881e-01,1.534727e-03,1.533906e-03,0.0000,15,298.6,1781955390
491,1.501176e-03,2.910243e+02,5.818852e-02,3.595949e-06,3.350517e-01,1.576184e-03,1.533906e-03,0.0000,16,298.6,1781955689
492,1.451828e-03,2.913533e+02,5.848379e-02,3.494769e-06,3.348277e-01,1.510607e-03,1.510607e-03,0.0000,0,298.6,1781955987
493,1.449352e-03,2.891033e+02,5.790509e-02,3.562521e-06,3.350919e-01,1.506926e-03,1.506926e-03,0.0000,0,298.7,1781956286
494,1.440382e-03,2.912294e+02,5.849952e-02,3.453459e-06,3.343500e-01,1.482615e-03,1.482615e-03,0.0000,0,298.7,1781956584
495,1.440091e-03,2.910871e+02,5.890863e-02,3.548615e-06,3.344922e-01,1.507755e-03,1.482615e-03,0.0000,1,298.6,1781956883
496,1.438310e-03,2.894475e+02,5.900304e-02,3.553050e-06,3.346290e-01,1.502580e-03,1.482615e-03,0.0000,2,298.3,1781957181
497,1.436677e-03,2.912671e+02,5.852200e-02,3.442998e-06,3.348323e-01,1.514170e-03,1.482615e-03,0.0000,3,298.6,1781957480
498,1.438282e-03,2.923914e+02,5.820511e-02,3.605484e-06,3.347181e-01,1.481293e-03,1.481293e-03,0.0000,0,298.6,1781957779
499,1.434183e-03,2.898274e+02,5.827769e-02,3.528654e-06,3.339753e-01,1.494185e-03,1.481293e-03,0.0000,1,298.6,1781958077
500,1.434000e-03,2.896359e+02,5.860470e-02,3.502473e-06,3.346706e-01,1.472848e-03,1.472848e-03,0.0000,0,298.7,1781958376
501,1.434714e-03,2.902115e+02,5.803171e-02,3.550272e-06,3.343138e-01,1.490498e-03,1.472848e-03,0.0000,1,298.8,1781958675
502,1.428543e-03,2.886470e+02,5.863359e-02,3.392505e-06,3.357855e-01,1.479186e-03,1.472848e-03,0.0000,2,298.8,1781958974
503,1.425347e-03,2.892653e+02,5.868192e-02,3.501881e-06,3.341659e-01,1.499957e-03,1.472848e-03,0.0000,3,298.6,1781959272
504,1.426421e-03,2.904282e+02,5.853311e-02,3.494839e-06,3.344020e-01,1.496753e-03,1.472848e-03,0.0000,4,298.7,1781959571
505,1.423162e-03,2.919564e+02,5.765004e-02,3.500229e-06,3.356032e-01,1.488792e-03,1.472848e-03,0.0000,5,298.7,1781959869
506,1.423274e-03,2.928972e+02,5.846612e-02,3.555904e-06,3.342470e-01,1.466744e-03,1.466744e-03,0.0000,0,298.6,1781960168
507,1.418243e-03,2.927349e+02,5.885454e-02,3.548873e-06,3.355019e-01,1.465942e-03,1.465942e-03,0.0000,0,298.7,1781960467
508,1.416302e-03,2.913519e+02,5.853270e-02,3.403938e-06,3.353131e-01,1.469518e-03,1.465942e-03,0.0000,1,298.6,1781960765
509,1.414250e-03,2.904202e+02,5.831257e-02,3.579012e-06,3.341518e-01,1.475674e-03,1.465942e-03,0.0000,2,298.6,1781961064
510,1.410171e-03,2.923986e+02,5.898213e-02,3.532493e-06,3.356282e-01,1.458625e-03,1.458625e-03,0.0000,0,298.7,1781961363
511,1.409251e-03,2.925485e+02,5.861863e-02,3.728180e-06,3.342424e-01,1.461310e-03,1.458625e-03,0.0000,1,298.7,1781961661
512,1.406568e-03,2.924869e+02,5.891205e-02,3.458458e-06,3.344142e-01,1.457052e-03,1.457052e-03,0.0000,0,298.8,1781961960
513,1.407124e-03,2.915617e+02,5.907071e-02,3.496264e-06,3.339325e-01,1.468371e-03,1.457052e-03,0.0000,1,298.8,1781962259
514,1.407142e-03,2.905965e+02,5.882269e-02,3.647145e-06,3.354648e-01,1.471377e-03,1.457052e-03,0.0000,2,298.8,1781962558
515,1.406292e-03,2.941782e+02,5.876164e-02,3.600533e-06,3.342787e-01,1.455660e-03,1.455660e-03,0.0000,0,298.8,1781962857
516,1.404065e-03,2.922740e+02,5.883719e-02,3.496865e-06,3.342467e-01,1.458331e-03,1.455660e-03,0.0000,1,298.8,1781963155
517,1.406918e-03,2.945174e+02,5.882766e-02,3.545137e-06,3.340844e-01,1.458385e-03,1.455660e-03,0.0000,2,298.7,1781963454
518,1.403496e-03,2.930768e+02,5.845596e-02,3.597696e-06,3.357278e-01,1.462331e-03,1.455660e-03,0.0000,3,298.8,1781963753
519,1.400547e-03,2.931612e+02,5.825441e-02,3.550061e-06,3.338011e-01,1.462294e-03,1.455660e-03,0.0000,4,298.7,1781964052
520,1.401470e-03,2.942964e+02,5.870095e-02,3.485928e-06,3.340246e-01,1.444054e-03,1.444054e-03,0.0000,0,298.7,1781964350
521,1.400327e-03,2.925205e+02,5.779061e-02,3.474407e-06,3.344517e-01,1.449227e-03,1.444054e-03,0.0000,1,298.8,1781964649
522,1.396720e-03,2.920961e+02,5.808760e-02,3.411415e-06,3.353842e-01,1.457594e-03,1.444054e-03,0.0000,2,298.7,1781964948
523,1.397797e-03,2.921956e+02,5.818583e-02,3.503180e-06,3.348676e-01,1.443146e-03,1.443146e-03,0.0000,0,298.8,1781965247
524,1.396736e-03,2.925849e+02,5.800878e-02,3.473422e-06,3.343708e-01,1.455764e-03,1.443146e-03,0.0000,1,298.7,1781965545
525,1.396417e-03,2.929846e+02,5.894339e-02,3.387307e-06,3.341490e-01,1.448650e-03,1.443146e-03,0.0000,2,298.8,1781965844
526,1.395114e-03,2.940038e+02,5.831158e-02,3.560819e-06,3.346702e-01,1.453708e-03,1.443146e-03,0.0000,3,298.8,1781966143
527,1.395012e-03,2.934404e+02,5.899466e-02,3.457304e-06,3.357549e-01,1.441355e-03,1.441355e-03,0.0000,0,298.7,1781966442
528,1.390866e-03,2.931805e+02,5.897134e-02,3.594059e-06,3.356728e-01,1.434642e-03,1.434642e-03,0.0000,0,298.7,1781966740
529,1.386870e-03,2.907183e+02,5.875909e-02,3.509720e-06,3.363520e-01,1.442767e-03,1.434642e-03,0.0000,1,298.7,1781967039
530,1.383746e-03,2.910502e+02,5.856132e-02,3.456943e-06,3.348295e-01,1.435440e-03,1.434642e-03,0.0000,2,298.7,1781967338
531,1.382842e-03,2.916187e+02,5.874055e-02,3.496503e-06,3.350710e-01,1.435628e-03,1.434642e-03,0.0000,3,298.7,1781967636
532,1.383663e-03,2.924380e+02,5.821770e-02,3.531947e-06,3.350740e-01,1.436914e-03,1.434642e-03,0.0000,4,298.6,1781967935
533,1.381279e-03,2.925818e+02,5.898045e-02,3.572092e-06,3.351225e-01,1.442258e-03,1.434642e-03,0.0000,5,298.7,1781968234
534,1.378706e-03,2.912222e+02,6.031770e-02,3.580251e-06,3.345329e-01,1.422238e-03,1.422238e-03,0.0000,0,298.7,1781968532
535,1.378511e-03,2.935632e+02,5.920625e-02,3.613399e-06,3.355080e-01,1.427098e-03,1.422238e-03,0.0000,1,298.3,1781968831
536,1.377459e-03,2.932969e+02,5.943699e-02,3.440450e-06,3.362614e-01,1.437141e-03,1.422238e-03,0.0000,2,298.7,1781969130
537,1.376585e-03,2.954108e+02,5.875949e-02,3.389234e-06,3.347380e-01,1.439940e-03,1.422238e-03,0.0000,3,298.7,1781969428
538,1.376337e-03,2.959408e+02,5.835988e-02,3.481857e-06,3.350240e-01,1.425839e-03,1.422238e-03,0.0000,4,298.7,1781969727
539,1.370741e-03,2.947996e+02,5.818884e-02,3.542481e-06,3.342776e-01,1.416582e-03,1.416582e-03,0.0000,0,298.7,1781970026
540,1.371757e-03,2.946099e+02,5.826065e-02,3.515451e-06,3.345233e-01,1.414382e-03,1.414382e-03,0.0000,0,298.8,1781970324
541,1.368690e-03,2.930406e+02,5.976118e-02,3.496660e-06,3.361162e-01,1.416699e-03,1.414382e-03,0.0000,1,298.7,1781970623
542,1.369569e-03,2.952990e+02,5.920471e-02,3.566228e-06,3.353540e-01,1.416785e-03,1.414382e-03,0.0000,2,298.7,1781970922
543,1.371062e-03,2.933216e+02,5.866590e-02,3.586351e-06,3.351472e-01,1.421318e-03,1.414382e-03,0.0000,3,298.7,1781971221
544,1.370850e-03,2.942555e+02,5.891006e-02,3.529929e-06,3.361561e-01,1.415587e-03,1.414382e-03,0.0000,4,298.7,1781971519
545,1.366114e-03,2.926555e+02,5.853283e-02,3.507301e-06,3.361852e-01,1.429398e-03,1.414382e-03,0.0000,5,298.7,1781971818
546,1.365273e-03,2.936986e+02,5.927395e-02,3.549360e-06,3.347079e-01,1.417214e-03,1.414382e-03,0.0000,6,298.7,1781972117
547,1.361896e-03,2.940237e+02,5.918377e-02,3.589455e-06,3.351748e-01,1.413902e-03,1.413902e-03,0.0000,0,298.6,1781972415
548,1.361600e-03,2.948639e+02,5.887774e-02,3.453057e-06,3.343645e-01,1.408524e-03,1.408524e-03,0.0000,0,298.7,1781972714
549,1.358421e-03,2.939087e+02,5.890532e-02,3.602838e-06,3.339668e-01,1.398421e-03,1.398421e-03,0.0000,0,298.7,1781973013
550,1.358566e-03,2.957341e+02,5.843988e-02,3.574286e-06,3.344090e-01,1.422836e-03,1.398421e-03,0.0000,1,298.7,1781973311
551,1.358783e-03,2.962475e+02,5.853047e-02,3.574720e-06,3.352952e-01,1.411394e-03,1.398421e-03,0.0000,2,298.7,1781973610
552,1.358765e-03,2.940051e+02,5.911681e-02,3.488631e-06,3.363197e-01,1.418906e-03,1.398421e-03,0.0000,3,298.7,1781973909
553,1.357249e-03,2.955865e+02,5.886024e-02,3.564503e-06,3.344841e-01,1.391799e-03,1.391799e-03,0.0000,0,298.8,1781974208
554,1.353540e-03,2.950550e+02,5.849388e-02,3.588830e-06,3.356452e-01,1.423964e-03,1.391799e-03,0.0000,1,298.7,1781974506
555,1.354382e-03,2.945697e+02,5.810878e-02,3.589504e-06,3.347937e-01,1.406786e-03,1.391799e-03,0.0000,2,298.7,1781974805
556,1.355864e-03,2.963444e+02,5.798667e-02,3.551513e-06,3.343647e-01,1.402065e-03,1.391799e-03,0.0000,3,298.7,1781975104
557,1.352990e-03,2.940579e+02,5.890887e-02,3.496727e-06,3.343875e-01,1.392685e-03,1.391799e-03,0.0000,4,298.7,1781975402
558,1.349700e-03,2.945647e+02,5.871116e-02,3.549727e-06,3.353570e-01,1.403106e-03,1.391799e-03,0.0000,5,298.7,1781975701
559,1.348137e-03,2.940599e+02,5.837622e-02,3.601636e-06,3.351479e-01,1.392208e-03,1.391799e-03,0.0000,6,298.7,1781976000
560,1.347220e-03,2.938568e+02,5.902698e-02,3.498913e-06,3.355837e-01,1.394316e-03,1.391799e-03,0.0000,7,298.7,1781976299
561,1.344971e-03,2.953218e+02,5.879661e-02,3.522489e-06,3.351928e-01,1.398402e-03,1.391799e-03,0.0000,8,298.7,1781976597
562,1.345669e-03,2.953311e+02,5.935415e-02,3.578334e-06,3.349606e-01,1.392842e-03,1.391799e-03,0.0000,9,298.7,1781976896
563,1.344884e-03,2.954042e+02,5.872189e-02,3.508651e-06,3.352151e-01,1.396267e-03,1.391799e-03,0.0000,10,298.7,1781977195
564,1.344293e-03,2.949364e+02,5.847780e-02,3.478779e-06,3.343213e-01,1.407550e-03,1.391799e-03,0.0000,11,298.6,1781977493
565,1.343124e-03,2.973908e+02,5.840571e-02,3.489114e-06,3.342115e-01,1.392682e-03,1.391799e-03,0.0000,12,298.7,1781977792
566,1.340893e-03,2.972657e+02,5.849571e-02,3.593987e-06,3.345391e-01,1.395500e-03,1.391799e-03,0.0000,13,298.7,1781978091
567,1.340142e-03,2.952366e+02,5.793747e-02,3.572184e-06,3.357511e-01,1.402524e-03,1.391799e-03,0.0000,14,298.7,1781978389
568,1.343417e-03,2.940765e+02,5.802691e-02,3.558774e-06,3.353702e-01,1.385845e-03,1.385845e-03,0.0000,0,298.6,1781978688
569,1.343392e-03,2.944391e+02,5.829990e-02,3.514490e-06,3.358355e-01,1.389930e-03,1.385845e-03,0.0000,1,335.2,1781979023
570,1.342166e-03,2.938463e+02,5.963503e-02,3.592602e-06,3.341929e-01,1.391094e-03,1.385845e-03,0.0000,2,298.8,1781979322
571,1.342437e-03,2.958298e+02,5.832953e-02,3.569585e-06,3.345581e-01,1.397633e-03,1.385845e-03,0.0000,3,340.1,1781979662
572,1.341563e-03,2.963907e+02,5.796653e-02,3.461210e-06,3.347736e-01,1.396828e-03,1.385845e-03,0.0000,4,298.8,1781979961
573,1.340050e-03,2.972812e+02,5.792578e-02,3.570954e-06,3.350600e-01,1.378204e-03,1.378204e-03,0.0000,0,326.3,1781980287
574,1.336969e-03,2.963437e+02,5.889575e-02,3.565327e-06,3.349752e-01,1.384967e-03,1.378204e-03,0.0000,1,298.2,1781980585
575,1.337569e-03,2.954034e+02,5.836523e-02,3.506133e-06,3.350816e-01,1.390906e-03,1.378204e-03,0.0000,2,298.7,1781980884
576,1.337692e-03,2.964507e+02,5.811606e-02,3.420376e-06,3.370226e-01,1.377588e-03,1.377588e-03,0.0000,0,298.7,1781981183
577,1.338705e-03,2.956906e+02,5.790360e-02,3.506169e-06,3.350878e-01,1.400162e-03,1.377588e-03,0.0000,1,309.0,1781981492
578,1.339665e-03,2.946866e+02,5.804618e-02,3.572374e-06,3.342729e-01,1.399802e-03,1.377588e-03,0.0000,2,313.3,1781981805
579,1.341199e-03,2.965138e+02,5.856464e-02,3.553526e-06,3.355939e-01,1.381610e-03,1.377588e-03,0.0000,3,298.8,1781982104
580,1.339638e-03,2.964014e+02,5.876758e-02,3.445563e-06,3.366774e-01,1.382750e-03,1.377588e-03,0.0000,4,298.8,1781982403
581,1.337008e-03,2.956739e+02,5.826901e-02,3.550406e-06,3.354674e-01,1.403339e-03,1.377588e-03,0.0000,5,298.8,1781982701
582,1.337935e-03,2.964773e+02,5.772315e-02,3.598577e-06,3.341173e-01,1.380147e-03,1.377588e-03,0.0000,6,298.8,1781983000
583,1.338634e-03,2.964074e+02,5.859426e-02,3.573189e-06,3.346782e-01,1.382496e-03,1.377588e-03,0.0000,7,298.8,1781983299
584,1.334354e-03,2.981417e+02,5.797258e-02,3.555506e-06,3.350903e-01,1.386751e-03,1.377588e-03,0.0000,8,298.8,1781983598
585,1.334188e-03,2.971652e+02,5.816969e-02,3.513158e-06,3.353266e-01,1.384747e-03,1.377588e-03,0.0000,9,298.8,1781983897
586,1.332869e-03,2.961911e+02,5.885757e-02,3.600172e-06,3.356672e-01,1.383231e-03,1.377588e-03,0.0000,10,298.8,1781984195
587,1.333261e-03,2.964581e+02,5.845438e-02,3.517254e-06,3.354133e-01,1.387258e-03,1.377588e-03,0.0000,11,298.8,1781984494
588,1.333279e-03,2.983068e+02,5.894546e-02,3.555724e-06,3.354032e-01,1.377050e-03,1.377050e-03,0.0000,0,298.8,1781984793
589,1.331602e-03,2.973083e+02,5.924054e-02,3.503954e-06,3.346343e-01,1.395039e-03,1.377050e-03,0.0000,1,298.8,1781985092
590,1.331880e-03,2.956128e+02,5.926349e-02,3.536509e-06,3.346336e-01,1.365447e-03,1.365447e-03,0.0000,0,298.8,1781985390
591,1.330879e-03,2.949616e+02,5.876262e-02,3.517913e-06,3.338695e-01,1.391460e-03,1.365447e-03,0.0000,1,298.8,1781985689
592,1.330487e-03,2.964907e+02,5.846495e-02,3.414642e-06,3.354689e-01,1.375948e-03,1.365447e-03,0.0000,2,298.7,1781985988
593,1.328731e-03,2.961866e+02,5.906335e-02,3.475009e-06,3.357940e-01,1.384222e-03,1.365447e-03,0.0000,3,298.7,1781986287
594,1.328113e-03,2.959508e+02,5.862771e-02,3.526921e-06,3.355807e-01,1.375546e-03,1.365447e-03,0.0000,4,298.8,1781986585
595,1.326516e-03,2.960294e+02,5.891299e-02,3.586632e-06,3.356069e-01,1.371525e-03,1.365447e-03,0.0000,5,298.7,1781986884
596,1.326589e-03,2.957768e+02,5.923396e-02,3.606775e-06,3.349220e-01,1.379896e-03,1.365447e-03,0.0000,6,298.7,1781987183
597,1.325611e-03,2.955696e+02,5.952132e-02,3.542047e-06,3.342009e-01,1.370407e-03,1.365447e-03,0.0000,7,298.7,1781987482
598,1.323560e-03,2.951044e+02,5.946609e-02,3.561254e-06,3.358909e-01,1.367391e-03,1.365447e-03,0.0000,8,298.7,1781987780
599,1.322617e-03,2.988053e+02,5.948603e-02,3.453995e-06,3.345515e-01,1.362155e-03,1.362155e-03,0.0000,0,298.7,1781988079
600,1.320023e-03,2.969664e+02,5.942593e-02,3.476706e-06,3.353401e-01,1.381559e-03,1.362155e-03,0.0000,1,298.7,1781988378
601,1.320441e-03,2.980165e+02,5.941994e-02,3.544363e-06,3.351912e-01,1.372065e-03,1.362155e-03,0.0000,2,298.7,1781988676
602,1.320999e-03,2.977373e+02,5.943783e-02,3.579005e-06,3.348554e-01,1.366239e-03,1.362155e-03,0.0000,3,298.7,1781988975
603,1.319242e-03,2.997848e+02,5.943284e-02,3.522868e-06,3.354953e-01,1.370034e-03,1.362155e-03,0.0000,4,298.7,1781989274
604,1.322825e-03,2.983258e+02,5.914594e-02,3.488673e-06,3.360954e-01,1.374199e-03,1.362155e-03,0.0000,5,298.6,1781989572
605,1.322178e-03,2.974961e+02,5.903892e-02,3.470249e-06,3.354500e-01,1.373740e-03,1.362155e-03,0.0000,6,298.6,1781989871
606,1.323608e-03,2.988890e+02,6.025900e-02,3.530918e-06,3.348907e-01,1.370192e-03,1.362155e-03,0.0000,7,298.6,1781990170
607,1.321249e-03,2.986406e+02,5.962451e-02,3.440527e-06,3.343809e-01,1.362935e-03,1.362155e-03,0.0000,8,298.6,1781990468
608,1.319738e-03,2.982528e+02,5.944516e-02,3.446853e-06,3.353721e-01,1.359017e-03,1.359017e-03,0.0000,0,298.6,1781990767
609,1.319865e-03,2.978619e+02,5.989051e-02,3.507137e-06,3.350544e-01,1.377452e-03,1.359017e-03,0.0000,1,298.6,1781991065
610,1.318246e-03,2.969705e+02,5.958719e-02,3.460756e-06,3.349561e-01,1.369216e-03,1.359017e-03,0.0000,2,298.6,1781991364
611,1.317177e-03,2.969938e+02,5.977386e-02,3.496911e-06,3.349688e-01,1.366722e-03,1.359017e-03,0.0000,3,298.6,1781991663
612,1.316102e-03,2.953556e+02,5.961838e-02,3.445573e-06,3.349802e-01,1.362032e-03,1.359017e-03,0.0000,4,298.7,1781991961
613,1.314349e-03,2.968461e+02,6.009750e-02,3.471262e-06,3.359014e-01,1.370739e-03,1.359017e-03,0.0000,5,298.2,1781992260
614,1.313697e-03,2.964666e+02,5.929948e-02,3.472037e-06,3.347878e-01,1.375152e-03,1.359017e-03,0.0000,6,298.7,1781992558
615,1.316216e-03,2.977522e+02,6.016529e-02,3.490365e-06,3.342255e-01,1.361463e-03,1.359017e-03,0.0000,7,298.7,1781992857
616,1.314251e-03,2.961082e+02,5.983996e-02,3.462847e-06,3.344504e-01,1.369708e-03,1.359017e-03,0.0000,8,298.7,1781993156
617,1.311193e-03,2.971271e+02,5.974936e-02,3.551849e-06,3.345375e-01,1.364480e-03,1.359017e-03,0.0000,9,298.7,1781993454
618,1.310179e-03,2.936691e+02,5.998332e-02,3.498074e-06,3.364000e-01,1.361901e-03,1.359017e-03,0.0000,10,298.7,1781993753
619,1.307665e-03,2.955758e+02,5.971176e-02,3.481911e-06,3.352465e-01,1.355843e-03,1.355843e-03,0.0000,0,298.7,1781994052
620,1.308389e-03,2.951902e+02,5.990531e-02,3.439388e-06,3.353878e-01,1.357909e-03,1.355843e-03,0.0000,1,298.8,1781994350
621,1.309589e-03,2.956319e+02,6.008100e-02,3.532940e-06,3.354979e-01,1.351837e-03,1.351837e-03,0.0000,0,298.7,1781994649
622,1.308970e-03,2.961476e+02,6.047568e-02,3.475743e-06,3.348493e-01,1.357438e-03,1.351837e-03,0.0000,1,298.7,1781994948
623,1.308176e-03,2.983997e+02,6.004549e-02,3.551456e-06,3.352184e-01,1.357248e-03,1.351837e-03,0.0000,2,298.8,1781995247
624,1.307631e-03,2.971238e+02,6.068174e-02,3.471246e-06,3.350746e-01,1.346869e-03,1.346869e-03,0.0000,0,298.8,1781995546
625,1.306327e-03,2.951690e+02,6.013402e-02,3.457497e-06,3.353913e-01,1.362666e-03,1.346869e-03,0.0000,1,298.7,1781995844
626,1.304211e-03,2.968961e+02,6.015050e-02,3.426881e-06,3.349156e-01,1.355765e-03,1.346869e-03,0.0000,2,298.8,1781996143
627,1.304291e-03,2.970410e+02,5.978743e-02,3.465014e-06,3.362437e-01,1.360418e-03,1.346869e-03,0.0000,3,298.8,1781996442
628,1.308573e-03,2.965622e+02,6.021230e-02,3.473959e-06,3.354535e-01,1.365518e-03,1.346869e-03,0.0000,4,298.8,1781996741
629,1.304566e-03,2.986474e+02,5.993547e-02,3.496853e-06,3.348479e-01,1.339163e-03,1.339163e-03,0.0000,0,298.7,1781997039
630,1.301964e-03,2.983525e+02,6.003941e-02,3.464350e-06,3.347227e-01,1.355586e-03,1.339163e-03,0.0000,1,298.7,1781997338
631,1.302639e-03,2.978964e+02,5.982128e-02,3.552064e-06,3.355476e-01,1.348928e-03,1.339163e-03,0.0000,2,298.7,1781997637
632,1.304725e-03,2.959160e+02,6.018252e-02,3.590178e-06,3.354915e-01,1.346898e-03,1.339163e-03,0.0000,3,298.7,1781997935
633,1.303771e-03,2.959184e+02,6.003652e-02,3.383986e-06,3.337664e-01,1.360045e-03,1.339163e-03,0.0000,4,298.8,1781998234
634,1.302021e-03,2.968648e+02,5.957071e-02,3.497266e-06,3.352880e-01,1.352178e-03,1.339163e-03,0.0000,5,298.8,1781998533
635,1.301696e-03,2.985458e+02,5.962869e-02,3.578122e-06,3.344061e-01,1.360911e-03,1.339163e-03,0.0000,6,298.7,1781998832
636,1.300109e-03,2.990371e+02,5.985343e-02,3.483074e-06,3.352168e-01,1.348249e-03,1.339163e-03,0.0000,7,298.8,1781999130
637,1.298779e-03,2.988384e+02,5.960945e-02,3.459910e-06,3.340314e-01,1.339888e-03,1.339163e-03,0.0000,8,298.7,1781999429
638,1.297098e-03,2.985341e+02,6.004768e-02,3.430675e-06,3.352416e-01,1.359291e-03,1.339163e-03,0.0000,9,298.7,1781999728
639,1.296404e-03,2.992378e+02,6.028738e-02,3.576825e-06,3.358813e-01,1.338693e-03,1.338693e-03,0.0000,0,298.6,1782000026
640,1.295967e-03,2.996766e+02,6.002113e-02,3.573346e-06,3.352211e-01,1.341255e-03,1.338693e-03,0.0000,1,298.6,1782000325
641,1.294602e-03,2.990050e+02,6.007949e-02,3.439778e-06,3.360473e-01,1.332941e-03,1.332941e-03,0.0000,0,298.7,1782000624
642,1.292403e-03,3.000651e+02,5.969149e-02,3.422103e-06,3.344323e-01,1.329245e-03,1.329245e-03,0.0000,0,298.6,1782000922
643,1.290488e-03,2.965573e+02,5.954058e-02,3.467068e-06,3.349671e-01,1.339692e-03,1.329245e-03,0.0000,1,298.7,1782001221
644,1.294111e-03,2.998421e+02,5.988317e-02,3.355361e-06,3.357753e-01,1.331903e-03,1.329245e-03,0.0000,2,298.7,1782001520
